2024-11-30T00:58:07.250+01:00 ERROR 65326 --- [   arg--epoll-4] NALEPA-LOGGER                            : Thread[#38,arg--epoll-4,5,main] START-MONO. ObjectId: IDK# 101, Time: 1732924687250
2024-11-30T00:58:07.253+01:00 ERROR 65326 --- [   arg--epoll-4] NALEPA-LOGGER                            : Thread[#38,arg--epoll-4,5,main]: FLATMAP_START: klient: 1
2024-11-30T00:58:07.252+01:00 ERROR 65326 --- [   arg--epoll-1] NALEPA-LOGGER                            : Thread[#35,arg--epoll-1,5,main] START-MONO. ObjectId: IDK# 103, Time: 1732924687252
2024-11-30T00:58:07.255+01:00 ERROR 65326 --- [   arg--epoll-2] NALEPA-LOGGER                            : Thread[#36,arg--epoll-2,5,main] START-MONO. ObjectId: IDK# 106, Time: 1732924687255
2024-11-30T00:58:07.255+01:00 ERROR 65326 --- [   arg--epoll-1] NALEPA-LOGGER                            : Thread[#35,arg--epoll-1,5,main]: FLATMAP_START: klient: 1
2024-11-30T00:58:07.254+01:00 ERROR 65326 --- [   arg--epoll-8] NALEPA-LOGGER                            : Thread[#42,arg--epoll-8,5,main] START-MONO. ObjectId: IDK# 104, Time: 1732924687254
2024-11-30T00:58:07.255+01:00 ERROR 65326 --- [   arg--epoll-8] NALEPA-LOGGER                            : Thread[#42,arg--epoll-8,5,main]: FLATMAP_START: klient: 1
2024-11-30T00:58:07.254+01:00 ERROR 65326 --- [   arg--epoll-6] NALEPA-LOGGER                            : Thread[#40,arg--epoll-6,5,main] START-MONO. ObjectId: IDK# 102, Time: 1732924687254
2024-11-30T00:58:07.256+01:00 ERROR 65326 --- [   arg--epoll-6] NALEPA-LOGGER                            : Thread[#40,arg--epoll-6,5,main]: FLATMAP_START: klient: 1
2024-11-30T00:58:07.256+01:00 ERROR 65326 --- [   arg--epoll-8] NALEPA-LOGGER                            : Thread[#42,arg--epoll-8,5,main]: FLATMAP_START: klient: 2
2024-11-30T00:58:07.255+01:00 ERROR 65326 --- [   arg--epoll-7] NALEPA-LOGGER                            : Thread[#41,arg--epoll-7,5,main] START-MONO. ObjectId: IDK# 105, Time: 1732924687255
2024-11-30T00:58:07.256+01:00 ERROR 65326 --- [   arg--epoll-7] NALEPA-LOGGER                            : Thread[#41,arg--epoll-7,5,main]: FLATMAP_START: klient: 1
2024-11-30T00:58:07.257+01:00 ERROR 65326 --- [   arg--epoll-7] NALEPA-LOGGER                            : Thread[#41,arg--epoll-7,5,main]: FLATMAP_START: klient: 2
2024-11-30T00:58:07.255+01:00 ERROR 65326 --- [   arg--epoll-2] NALEPA-LOGGER                            : Thread[#36,arg--epoll-2,5,main]: FLATMAP_START: klient: 1
2024-11-30T00:58:07.258+01:00 ERROR 65326 --- [   arg--epoll-8] NALEPA-LOGGER                            : Thread[#42,arg--epoll-8,5,main]: FLATMAP_START: klient: 3
2024-11-30T00:58:07.256+01:00 ERROR 65326 --- [   arg--epoll-1] NALEPA-LOGGER                            : Thread[#35,arg--epoll-1,5,main]: FLATMAP_START: klient: 2
2024-11-30T00:58:07.258+01:00 ERROR 65326 --- [   arg--epoll-7] NALEPA-LOGGER                            : Thread[#41,arg--epoll-7,5,main]: FLATMAP_START: klient: 3
2024-11-30T00:58:07.258+01:00 ERROR 65326 --- [   arg--epoll-8] NALEPA-LOGGER                            : Thread[#42,arg--epoll-8,5,main]: FLATMAP_START: klient: 4
2024-11-30T00:58:07.258+01:00 ERROR 65326 --- [   arg--epoll-1] NALEPA-LOGGER                            : Thread[#35,arg--epoll-1,5,main]: FLATMAP_START: klient: 3
2024-11-30T00:58:07.258+01:00 ERROR 65326 --- [   arg--epoll-7] NALEPA-LOGGER                            : Thread[#41,arg--epoll-7,5,main]: FLATMAP_START: klient: 4
2024-11-30T00:58:07.258+01:00 ERROR 65326 --- [   arg--epoll-8] NALEPA-LOGGER                            : Thread[#42,arg--epoll-8,5,main]: FLATMAP_START: klient: 5
2024-11-30T00:58:07.259+01:00 ERROR 65326 --- [   arg--epoll-8] NALEPA-LOGGER                            : Thread[#42,arg--epoll-8,5,main]: FLATMAP_START: klient: 6
2024-11-30T00:58:07.256+01:00 ERROR 65326 --- [   arg--epoll-4] NALEPA-LOGGER                            : Thread[#38,arg--epoll-4,5,main]: FLATMAP_START: klient: 2
2024-11-30T00:58:07.256+01:00 ERROR 65326 --- [   arg--epoll-5] NALEPA-LOGGER                            : Thread[#39,arg--epoll-5,5,main] START-MONO. ObjectId: IDK# 108, Time: 1732924687256
2024-11-30T00:58:07.259+01:00 ERROR 65326 --- [   arg--epoll-5] NALEPA-LOGGER                            : Thread[#39,arg--epoll-5,5,main]: FLATMAP_START: klient: 1
2024-11-30T00:58:07.259+01:00 ERROR 65326 --- [   arg--epoll-8] NALEPA-LOGGER                            : Thread[#42,arg--epoll-8,5,main]: FLATMAP_START: klient: 7
2024-11-30T00:58:07.259+01:00 ERROR 65326 --- [   arg--epoll-4] NALEPA-LOGGER                            : Thread[#38,arg--epoll-4,5,main]: FLATMAP_START: klient: 3
2024-11-30T00:58:07.259+01:00 ERROR 65326 --- [   arg--epoll-8] NALEPA-LOGGER                            : Thread[#42,arg--epoll-8,5,main]: FLATMAP_START: klient: 8
2024-11-30T00:58:07.260+01:00 ERROR 65326 --- [   arg--epoll-8] NALEPA-LOGGER                            : Thread[#42,arg--epoll-8,5,main]: FLATMAP_START: klient: 9
2024-11-30T00:58:07.260+01:00 ERROR 65326 --- [   arg--epoll-5] NALEPA-LOGGER                            : Thread[#39,arg--epoll-5,5,main]: FLATMAP_START: klient: 2
2024-11-30T00:58:07.260+01:00 ERROR 65326 --- [   arg--epoll-8] NALEPA-LOGGER                            : Thread[#42,arg--epoll-8,5,main]: FLATMAP_START: klient: 10
2024-11-30T00:58:07.260+01:00 ERROR 65326 --- [   arg--epoll-5] NALEPA-LOGGER                            : Thread[#39,arg--epoll-5,5,main]: FLATMAP_START: klient: 3
2024-11-30T00:58:07.256+01:00 ERROR 65326 --- [   arg--epoll-6] NALEPA-LOGGER                            : Thread[#40,arg--epoll-6,5,main]: FLATMAP_START: klient: 2
2024-11-30T00:58:07.258+01:00 ERROR 65326 --- [   arg--epoll-2] NALEPA-LOGGER                            : Thread[#36,arg--epoll-2,5,main]: FLATMAP_START: klient: 2
2024-11-30T00:58:07.260+01:00 ERROR 65326 --- [   arg--epoll-5] NALEPA-LOGGER                            : Thread[#39,arg--epoll-5,5,main]: FLATMAP_START: klient: 4
2024-11-30T00:58:07.260+01:00 ERROR 65326 --- [   arg--epoll-8] NALEPA-LOGGER                            : Thread[#42,arg--epoll-8,5,main]: FLATMAP_START: klient: 11
2024-11-30T00:58:07.261+01:00 ERROR 65326 --- [   arg--epoll-2] NALEPA-LOGGER                            : Thread[#36,arg--epoll-2,5,main]: FLATMAP_START: klient: 3
2024-11-30T00:58:07.261+01:00 ERROR 65326 --- [   arg--epoll-8] NALEPA-LOGGER                            : Thread[#42,arg--epoll-8,5,main]: FLATMAP_START: klient: 12
2024-11-30T00:58:07.261+01:00 ERROR 65326 --- [   arg--epoll-2] NALEPA-LOGGER                            : Thread[#36,arg--epoll-2,5,main]: FLATMAP_START: klient: 4
2024-11-30T00:58:07.261+01:00 ERROR 65326 --- [   arg--epoll-8] NALEPA-LOGGER                            : Thread[#42,arg--epoll-8,5,main]: FLATMAP_START: klient: 13
2024-11-30T00:58:07.261+01:00 ERROR 65326 --- [   arg--epoll-8] NALEPA-LOGGER                            : Thread[#42,arg--epoll-8,5,main]: FLATMAP_START: klient: 14
2024-11-30T00:58:07.259+01:00 ERROR 65326 --- [   arg--epoll-7] NALEPA-LOGGER                            : Thread[#41,arg--epoll-7,5,main]: FLATMAP_START: klient: 5
2024-11-30T00:58:07.260+01:00 ERROR 65326 --- [   arg--epoll-4] NALEPA-LOGGER                            : Thread[#38,arg--epoll-4,5,main]: FLATMAP_START: klient: 4
2024-11-30T00:58:07.256+01:00 ERROR 65326 --- [   arg--epoll-3] NALEPA-LOGGER                            : Thread[#37,arg--epoll-3,5,main] START-MONO. ObjectId: IDK# 107, Time: 1732924687256
2024-11-30T00:58:07.261+01:00 ERROR 65326 --- [   arg--epoll-5] NALEPA-LOGGER                            : Thread[#39,arg--epoll-5,5,main]: FLATMAP_START: klient: 5
2024-11-30T00:58:07.262+01:00 ERROR 65326 --- [   arg--epoll-3] NALEPA-LOGGER                            : Thread[#37,arg--epoll-3,5,main]: FLATMAP_START: klient: 1
2024-11-30T00:58:07.261+01:00 ERROR 65326 --- [   arg--epoll-2] NALEPA-LOGGER                            : Thread[#36,arg--epoll-2,5,main]: FLATMAP_START: klient: 5
2024-11-30T00:58:07.262+01:00 ERROR 65326 --- [   arg--epoll-5] NALEPA-LOGGER                            : Thread[#39,arg--epoll-5,5,main]: FLATMAP_START: klient: 6
2024-11-30T00:58:07.263+01:00 ERROR 65326 --- [   arg--epoll-4] NALEPA-LOGGER                            : Thread[#38,arg--epoll-4,5,main]: FLATMAP_START: klient: 5
2024-11-30T00:58:07.263+01:00 ERROR 65326 --- [   arg--epoll-7] NALEPA-LOGGER                            : Thread[#41,arg--epoll-7,5,main]: FLATMAP_START: klient: 6
2024-11-30T00:58:07.263+01:00 ERROR 65326 --- [   arg--epoll-5] NALEPA-LOGGER                            : Thread[#39,arg--epoll-5,5,main]: FLATMAP_START: klient: 7
2024-11-30T00:58:07.263+01:00 ERROR 65326 --- [   arg--epoll-4] NALEPA-LOGGER                            : Thread[#38,arg--epoll-4,5,main]: FLATMAP_START: klient: 6
2024-11-30T00:58:07.263+01:00 ERROR 65326 --- [   arg--epoll-7] NALEPA-LOGGER                            : Thread[#41,arg--epoll-7,5,main]: FLATMAP_START: klient: 7
2024-11-30T00:58:07.261+01:00 ERROR 65326 --- [   arg--epoll-6] NALEPA-LOGGER                            : Thread[#40,arg--epoll-6,5,main]: FLATMAP_START: klient: 3
2024-11-30T00:58:07.263+01:00 ERROR 65326 --- [   arg--epoll-4] NALEPA-LOGGER                            : Thread[#38,arg--epoll-4,5,main]: FLATMAP_START: klient: 7
2024-11-30T00:58:07.263+01:00 ERROR 65326 --- [   arg--epoll-7] NALEPA-LOGGER                            : Thread[#41,arg--epoll-7,5,main]: FLATMAP_START: klient: 8
2024-11-30T00:58:07.263+01:00 ERROR 65326 --- [   arg--epoll-6] NALEPA-LOGGER                            : Thread[#40,arg--epoll-6,5,main]: FLATMAP_START: klient: 4
2024-11-30T00:58:07.263+01:00 ERROR 65326 --- [   arg--epoll-4] NALEPA-LOGGER                            : Thread[#38,arg--epoll-4,5,main]: FLATMAP_START: klient: 8
2024-11-30T00:58:07.263+01:00 ERROR 65326 --- [   arg--epoll-6] NALEPA-LOGGER                            : Thread[#40,arg--epoll-6,5,main]: FLATMAP_START: klient: 5
2024-11-30T00:58:07.263+01:00 ERROR 65326 --- [   arg--epoll-7] NALEPA-LOGGER                            : Thread[#41,arg--epoll-7,5,main]: FLATMAP_START: klient: 9
2024-11-30T00:58:07.264+01:00 ERROR 65326 --- [   arg--epoll-6] NALEPA-LOGGER                            : Thread[#40,arg--epoll-6,5,main]: FLATMAP_START: klient: 6
2024-11-30T00:58:07.264+01:00 ERROR 65326 --- [   arg--epoll-4] NALEPA-LOGGER                            : Thread[#38,arg--epoll-4,5,main]: FLATMAP_START: klient: 9
2024-11-30T00:58:07.264+01:00 ERROR 65326 --- [   arg--epoll-7] NALEPA-LOGGER                            : Thread[#41,arg--epoll-7,5,main]: FLATMAP_START: klient: 10
2024-11-30T00:58:07.264+01:00 ERROR 65326 --- [   arg--epoll-6] NALEPA-LOGGER                            : Thread[#40,arg--epoll-6,5,main]: FLATMAP_START: klient: 7
2024-11-30T00:58:07.264+01:00 ERROR 65326 --- [   arg--epoll-7] NALEPA-LOGGER                            : Thread[#41,arg--epoll-7,5,main]: FLATMAP_START: klient: 11
2024-11-30T00:58:07.264+01:00 ERROR 65326 --- [   arg--epoll-5] NALEPA-LOGGER                            : Thread[#39,arg--epoll-5,5,main]: FLATMAP_START: klient: 8
2024-11-30T00:58:07.264+01:00 ERROR 65326 --- [   arg--epoll-6] NALEPA-LOGGER                            : Thread[#40,arg--epoll-6,5,main]: FLATMAP_START: klient: 8
2024-11-30T00:58:07.264+01:00 ERROR 65326 --- [   arg--epoll-5] NALEPA-LOGGER                            : Thread[#39,arg--epoll-5,5,main]: FLATMAP_START: klient: 9
2024-11-30T00:58:07.265+01:00 ERROR 65326 --- [   arg--epoll-2] NALEPA-LOGGER                            : Thread[#36,arg--epoll-2,5,main]: FLATMAP_START: klient: 6
2024-11-30T00:58:07.265+01:00 ERROR 65326 --- [   arg--epoll-5] NALEPA-LOGGER                            : Thread[#39,arg--epoll-5,5,main]: FLATMAP_START: klient: 10
2024-11-30T00:58:07.265+01:00 ERROR 65326 --- [   arg--epoll-5] NALEPA-LOGGER                            : Thread[#39,arg--epoll-5,5,main]: FLATMAP_START: klient: 11
2024-11-30T00:58:07.261+01:00 ERROR 65326 --- [   arg--epoll-1] NALEPA-LOGGER                            : Thread[#35,arg--epoll-1,5,main]: FLATMAP_START: klient: 4
2024-11-30T00:58:07.266+01:00 ERROR 65326 --- [   arg--epoll-1] NALEPA-LOGGER                            : Thread[#35,arg--epoll-1,5,main]: FLATMAP_START: klient: 5
2024-11-30T00:58:07.266+01:00 ERROR 65326 --- [   arg--epoll-1] NALEPA-LOGGER                            : Thread[#35,arg--epoll-1,5,main]: FLATMAP_START: klient: 6
2024-11-30T00:58:07.267+01:00 ERROR 65326 --- [   arg--epoll-1] NALEPA-LOGGER                            : Thread[#35,arg--epoll-1,5,main]: FLATMAP_START: klient: 7
2024-11-30T00:58:07.267+01:00 ERROR 65326 --- [   arg--epoll-1] NALEPA-LOGGER                            : Thread[#35,arg--epoll-1,5,main]: FLATMAP_START: klient: 8
2024-11-30T00:58:07.267+01:00 ERROR 65326 --- [   arg--epoll-1] NALEPA-LOGGER                            : Thread[#35,arg--epoll-1,5,main]: FLATMAP_START: klient: 9
2024-11-30T00:58:07.262+01:00 ERROR 65326 --- [   arg--epoll-8] NALEPA-LOGGER                            : Thread[#42,arg--epoll-8,5,main]: FLATMAP_START: klient: 15
2024-11-30T00:58:07.263+01:00 ERROR 65326 --- [   arg--epoll-3] NALEPA-LOGGER                            : Thread[#37,arg--epoll-3,5,main]: FLATMAP_START: klient: 2
2024-11-30T00:58:07.268+01:00 ERROR 65326 --- [   arg--epoll-1] NALEPA-LOGGER                            : Thread[#35,arg--epoll-1,5,main]: FLATMAP_START: klient: 10
2024-11-30T00:58:07.268+01:00 ERROR 65326 --- [  m-Y-1-epoll-6] NALEPA-LOGGER                            : Thread[#51,m-Y-1-epoll-6,5,main]: FLATMAP_END: klient: 1
2024-11-30T00:58:07.268+01:00 ERROR 65326 --- [   arg--epoll-1] NALEPA-LOGGER                            : Thread[#35,arg--epoll-1,5,main]: FLATMAP_START: klient: 11
2024-11-30T00:58:07.269+01:00 ERROR 65326 --- [   arg--epoll-3] NALEPA-LOGGER                            : Thread[#37,arg--epoll-3,5,main]: FLATMAP_START: klient: 3
2024-11-30T00:58:07.264+01:00 ERROR 65326 --- [   arg--epoll-4] NALEPA-LOGGER                            : Thread[#38,arg--epoll-4,5,main]: FLATMAP_START: klient: 10
2024-11-30T00:58:07.269+01:00 ERROR 65326 --- [   arg--epoll-4] NALEPA-LOGGER                            : Thread[#38,arg--epoll-4,5,main]: FLATMAP_START: klient: 11
2024-11-30T00:58:07.270+01:00 ERROR 65326 --- [   arg--epoll-4] NALEPA-LOGGER                            : Thread[#38,arg--epoll-4,5,main]: FLATMAP_START: klient: 12
2024-11-30T00:58:07.270+01:00 ERROR 65326 --- [  m-Y-2-epoll-5] NALEPA-LOGGER                            : Thread[#58,m-Y-2-epoll-5,5,main]: FLATMAP_END: klient: 2
2024-11-30T00:58:07.270+01:00 ERROR 65326 --- [   arg--epoll-4] NALEPA-LOGGER                            : Thread[#38,arg--epoll-4,5,main]: FLATMAP_START: klient: 13
2024-11-30T00:58:07.271+01:00 ERROR 65326 --- [   arg--epoll-8] NALEPA-LOGGER                            : Thread[#42,arg--epoll-8,5,main]: FLATMAP_START: klient: 16
2024-11-30T00:58:07.271+01:00 ERROR 65326 --- [   arg--epoll-3] NALEPA-LOGGER                            : Thread[#37,arg--epoll-3,5,main]: FLATMAP_START: klient: 4
2024-11-30T00:58:07.271+01:00 ERROR 65326 --- [  m-Y-7-epoll-6] NALEPA-LOGGER                            : Thread[#99,m-Y-7-epoll-6,5,main]: FLATMAP_END: klient: 7
2024-11-30T00:58:07.271+01:00 ERROR 65326 --- [   arg--epoll-3] NALEPA-LOGGER                            : Thread[#37,arg--epoll-3,5,main]: FLATMAP_START: klient: 5
2024-11-30T00:58:07.272+01:00 ERROR 65326 --- [   arg--epoll-8] NALEPA-LOGGER                            : Thread[#42,arg--epoll-8,5,main]: FLATMAP_START: klient: 17
2024-11-30T00:58:07.272+01:00 ERROR 65326 --- [   arg--epoll-3] NALEPA-LOGGER                            : Thread[#37,arg--epoll-3,5,main]: FLATMAP_START: klient: 6
2024-11-30T00:58:07.272+01:00 ERROR 65326 --- [   arg--epoll-8] NALEPA-LOGGER                            : Thread[#42,arg--epoll-8,5,main]: FLATMAP_START: klient: 18
2024-11-30T00:58:07.272+01:00 ERROR 65326 --- [   arg--epoll-3] NALEPA-LOGGER                            : Thread[#37,arg--epoll-3,5,main]: FLATMAP_START: klient: 7
2024-11-30T00:58:07.272+01:00 ERROR 65326 --- [   arg--epoll-3] NALEPA-LOGGER                            : Thread[#37,arg--epoll-3,5,main]: FLATMAP_START: klient: 8
2024-11-30T00:58:07.273+01:00 ERROR 65326 --- [  m-Y-6-epoll-8] NALEPA-LOGGER                            : Thread[#93,m-Y-6-epoll-8,5,main]: FLATMAP_END: klient: 6
2024-11-30T00:58:07.273+01:00 ERROR 65326 --- [   arg--epoll-3] NALEPA-LOGGER                            : Thread[#37,arg--epoll-3,5,main]: FLATMAP_START: klient: 9
2024-11-30T00:58:07.273+01:00 ERROR 65326 --- [ m-Y-12-epoll-1] NALEPA-LOGGER                            : Thread[#134,m-Y-12-epoll-1,5,main]: FLATMAP_END: klient: 12
2024-11-30T00:58:07.273+01:00 ERROR 65326 --- [  m-Y-5-epoll-4] NALEPA-LOGGER                            : Thread[#81,m-Y-5-epoll-4,5,main]: FLATMAP_END: klient: 5
2024-11-30T00:58:07.273+01:00 ERROR 65326 --- [   arg--epoll-3] NALEPA-LOGGER                            : Thread[#37,arg--epoll-3,5,main]: FLATMAP_START: klient: 10
2024-11-30T00:58:07.273+01:00 ERROR 65326 --- [  m-Y-3-epoll-4] NALEPA-LOGGER                            : Thread[#65,m-Y-3-epoll-4,5,main]: FLATMAP_END: klient: 3
2024-11-30T00:58:07.274+01:00 ERROR 65326 --- [  m-Y-2-epoll-4] NALEPA-LOGGER                            : Thread[#57,m-Y-2-epoll-4,5,main]: FLATMAP_END: klient: 2
2024-11-30T00:58:07.274+01:00 ERROR 65326 --- [  m-Y-1-epoll-3] NALEPA-LOGGER                            : Thread[#48,m-Y-1-epoll-3,5,main]: FLATMAP_END: klient: 1
2024-11-30T00:58:07.275+01:00 ERROR 65326 --- [  m-Y-9-epoll-3] NALEPA-LOGGER                            : Thread[#112,m-Y-9-epoll-3,5,main]: FLATMAP_END: klient: 9
2024-11-30T00:58:07.275+01:00 ERROR 65326 --- [ m-Y-11-epoll-7] NALEPA-LOGGER                            : Thread[#132,m-Y-11-epoll-7,5,main]: FLATMAP_END: klient: 11
2024-11-30T00:58:07.275+01:00 ERROR 65326 --- [  m-Y-4-epoll-3] NALEPA-LOGGER                            : Thread[#72,m-Y-4-epoll-3,5,main]: FLATMAP_END: klient: 4
2024-11-30T00:58:07.275+01:00 ERROR 65326 --- [  m-Y-8-epoll-5] NALEPA-LOGGER                            : Thread[#106,m-Y-8-epoll-5,5,main]: FLATMAP_END: klient: 8
2024-11-30T00:58:07.275+01:00 ERROR 65326 --- [   arg--epoll-4] NALEPA-LOGGER                            : Thread[#38,arg--epoll-4,5,main]: FLATMAP_START: klient: 14
2024-11-30T00:58:07.275+01:00 ERROR 65326 --- [ m-Y-13-epoll-1] NALEPA-LOGGER                            : Thread[#142,m-Y-13-epoll-1,5,main]: FLATMAP_END: klient: 13
2024-11-30T00:58:07.264+01:00 ERROR 65326 --- [   arg--epoll-7] NALEPA-LOGGER                            : Thread[#41,arg--epoll-7,5,main]: FLATMAP_START: klient: 12
2024-11-30T00:58:07.265+01:00 ERROR 65326 --- [   arg--epoll-6] NALEPA-LOGGER                            : Thread[#40,arg--epoll-6,5,main]: FLATMAP_START: klient: 9
2024-11-30T00:58:07.276+01:00 ERROR 65326 --- [ m-Y-10-epoll-2] NALEPA-LOGGER                            : Thread[#119,m-Y-10-epoll-2,5,main]: FLATMAP_END: klient: 10
2024-11-30T00:58:07.276+01:00 ERROR 65326 --- [   arg--epoll-6] NALEPA-LOGGER                            : Thread[#40,arg--epoll-6,5,main]: FLATMAP_START: klient: 10
2024-11-30T00:58:07.265+01:00 ERROR 65326 --- [   arg--epoll-2] NALEPA-LOGGER                            : Thread[#36,arg--epoll-2,5,main]: FLATMAP_START: klient: 7
2024-11-30T00:58:07.277+01:00 ERROR 65326 --- [   arg--epoll-6] NALEPA-LOGGER                            : Thread[#40,arg--epoll-6,5,main]: FLATMAP_START: klient: 11
2024-11-30T00:58:07.278+01:00 ERROR 65326 --- [   arg--epoll-6] NALEPA-LOGGER                            : Thread[#40,arg--epoll-6,5,main]: FLATMAP_START: klient: 12
2024-11-30T00:58:07.279+01:00 ERROR 65326 --- [  m-Y-6-epoll-4] NALEPA-LOGGER                            : Thread[#89,m-Y-6-epoll-4,5,main]: FLATMAP_END: klient: 6
2024-11-30T00:58:07.280+01:00 ERROR 65326 --- [   arg--epoll-6] NALEPA-LOGGER                            : Thread[#40,arg--epoll-6,5,main]: FLATMAP_START: klient: 13
2024-11-30T00:58:07.266+01:00 ERROR 65326 --- [   arg--epoll-5] NALEPA-LOGGER                            : Thread[#39,arg--epoll-5,5,main]: FLATMAP_START: klient: 12
2024-11-30T00:58:07.280+01:00 ERROR 65326 --- [   arg--epoll-5] NALEPA-LOGGER                            : Thread[#39,arg--epoll-5,5,main]: FLATMAP_START: klient: 13
2024-11-30T00:58:07.269+01:00 ERROR 65326 --- [   arg--epoll-1] NALEPA-LOGGER                            : Thread[#35,arg--epoll-1,5,main]: FLATMAP_START: klient: 12
2024-11-30T00:58:07.282+01:00 ERROR 65326 --- [   arg--epoll-7] NALEPA-LOGGER                            : Thread[#41,arg--epoll-7,5,main]: FLATMAP_START: klient: 13
2024-11-30T00:58:07.272+01:00 ERROR 65326 --- [   arg--epoll-8] NALEPA-LOGGER                            : Thread[#42,arg--epoll-8,5,main]: FLATMAP_START: klient: 19
2024-11-30T00:58:07.282+01:00 ERROR 65326 --- [   arg--epoll-1] NALEPA-LOGGER                            : Thread[#35,arg--epoll-1,5,main]: FLATMAP_START: klient: 13
2024-11-30T00:58:07.275+01:00 ERROR 65326 --- [ m-Y-14-epoll-1] NALEPA-LOGGER                            : Thread[#150,m-Y-14-epoll-1,5,main]: FLATMAP_END: klient: 14
2024-11-30T00:58:07.284+01:00 ERROR 65326 --- [   arg--epoll-1] NALEPA-LOGGER                            : Thread[#35,arg--epoll-1,5,main]: FLATMAP_START: klient: 14
2024-11-30T00:58:07.277+01:00 ERROR 65326 --- [   arg--epoll-2] NALEPA-LOGGER                            : Thread[#36,arg--epoll-2,5,main]: FLATMAP_START: klient: 8
2024-11-30T00:58:07.284+01:00 ERROR 65326 --- [  m-Y-5-epoll-2] NALEPA-LOGGER                            : Thread[#79,m-Y-5-epoll-2,5,main]: FLATMAP_END: klient: 5
2024-11-30T00:58:07.285+01:00 ERROR 65326 --- [   arg--epoll-2] NALEPA-LOGGER                            : Thread[#36,arg--epoll-2,5,main]: FLATMAP_START: klient: 9
2024-11-30T00:58:07.285+01:00 ERROR 65326 --- [ m-Y-18-epoll-4] NALEPA-LOGGER                            : Thread[#185,m-Y-18-epoll-4,5,main]: FLATMAP_END: klient: 18
2024-11-30T00:58:07.286+01:00 ERROR 65326 --- [   arg--epoll-5] NALEPA-LOGGER                            : Thread[#39,arg--epoll-5,5,main]: FLATMAP_START: klient: 14
2024-11-30T00:58:07.277+01:00 ERROR 65326 --- [  m-Y-7-epoll-8] NALEPA-LOGGER                            : Thread[#101,m-Y-7-epoll-8,5,main]: FLATMAP_END: klient: 7
2024-11-30T00:58:07.279+01:00 ERROR 65326 --- [  m-Y-8-epoll-2] NALEPA-LOGGER                            : Thread[#103,m-Y-8-epoll-2,5,main]: FLATMAP_END: klient: 8
2024-11-30T00:58:07.280+01:00 ERROR 65326 --- [   arg--epoll-3] NALEPA-LOGGER                            : Thread[#37,arg--epoll-3,5,main]: FLATMAP_START: klient: 11
2024-11-30T00:58:07.286+01:00 ERROR 65326 --- [   arg--epoll-2] NALEPA-LOGGER                            : Thread[#36,arg--epoll-2,5,main]: FLATMAP_START: klient: 10
2024-11-30T00:58:07.286+01:00 ERROR 65326 --- [   arg--epoll-5] NALEPA-LOGGER                            : Thread[#39,arg--epoll-5,5,main]: FLATMAP_START: klient: 15
2024-11-30T00:58:07.286+01:00 ERROR 65326 --- [  m-Y-5-epoll-8] NALEPA-LOGGER                            : Thread[#85,m-Y-5-epoll-8,5,main]: FLATMAP_END: klient: 5
2024-11-30T00:58:07.286+01:00 ERROR 65326 --- [   arg--epoll-2] NALEPA-LOGGER                            : Thread[#36,arg--epoll-2,5,main]: FLATMAP_START: klient: 11
2024-11-30T00:58:07.286+01:00 ERROR 65326 --- [   arg--epoll-5] NALEPA-LOGGER                            : Thread[#39,arg--epoll-5,5,main]: FLATMAP_START: klient: 16
2024-11-30T00:58:07.286+01:00 ERROR 65326 --- [ m-Y-16-epoll-8] NALEPA-LOGGER                            : Thread[#173,m-Y-16-epoll-8,5,main]: FLATMAP_END: klient: 16
2024-11-30T00:58:07.287+01:00 ERROR 65326 --- [   arg--epoll-2] NALEPA-LOGGER                            : Thread[#36,arg--epoll-2,5,main]: FLATMAP_START: klient: 12
2024-11-30T00:58:07.287+01:00 ERROR 65326 --- [ m-Y-17-epoll-7] NALEPA-LOGGER                            : Thread[#180,m-Y-17-epoll-7,5,main]: FLATMAP_END: klient: 17
2024-11-30T00:58:07.287+01:00 ERROR 65326 --- [   arg--epoll-3] NALEPA-LOGGER                            : Thread[#37,arg--epoll-3,5,main]: FLATMAP_START: klient: 12
2024-11-30T00:58:07.287+01:00 ERROR 65326 --- [   arg--epoll-2] NALEPA-LOGGER                            : Thread[#36,arg--epoll-2,5,main]: FLATMAP_START: klient: 13
2024-11-30T00:58:07.287+01:00 ERROR 65326 --- [   arg--epoll-2] NALEPA-LOGGER                            : Thread[#36,arg--epoll-2,5,main]: FLATMAP_START: klient: 14
2024-11-30T00:58:07.288+01:00 ERROR 65326 --- [   arg--epoll-2] NALEPA-LOGGER                            : Thread[#36,arg--epoll-2,5,main]: FLATMAP_START: klient: 15
2024-11-30T00:58:07.281+01:00 ERROR 65326 --- [  m-Y-1-epoll-2] NALEPA-LOGGER                            : Thread[#47,m-Y-1-epoll-2,5,main]: FLATMAP_END: klient: 1
2024-11-30T00:58:07.281+01:00 ERROR 65326 --- [  m-Y-3-epoll-5] NALEPA-LOGGER                            : Thread[#66,m-Y-3-epoll-5,5,main]: FLATMAP_END: klient: 3
2024-11-30T00:58:07.288+01:00 ERROR 65326 --- [   arg--epoll-3] NALEPA-LOGGER                            : Thread[#37,arg--epoll-3,5,main]: FLATMAP_START: klient: 13
2024-11-30T00:58:07.289+01:00 ERROR 65326 --- [  m-Y-7-epoll-2] NALEPA-LOGGER                            : Thread[#95,m-Y-7-epoll-2,5,main]: FLATMAP_END: klient: 7
2024-11-30T00:58:07.289+01:00 ERROR 65326 --- [ m-Y-10-epoll-1] NALEPA-LOGGER                            : Thread[#118,m-Y-10-epoll-1,5,main]: FLATMAP_END: klient: 10
2024-11-30T00:58:07.281+01:00 ERROR 65326 --- [   arg--epoll-6] NALEPA-LOGGER                            : Thread[#40,arg--epoll-6,5,main]: FLATMAP_START: klient: 14
2024-11-30T00:58:07.281+01:00 ERROR 65326 --- [  m-Y-4-epoll-8] NALEPA-LOGGER                            : Thread[#77,m-Y-4-epoll-8,5,main]: FLATMAP_END: klient: 4
2024-11-30T00:58:07.290+01:00 ERROR 65326 --- [  m-Y-8-epoll-7] NALEPA-LOGGER                            : Thread[#108,m-Y-8-epoll-7,5,main]: FLATMAP_END: klient: 8
2024-11-30T00:58:07.291+01:00 ERROR 65326 --- [   arg--epoll-6] NALEPA-LOGGER                            : Thread[#40,arg--epoll-6,5,main]: FLATMAP_START: klient: 15
2024-11-30T00:58:07.291+01:00 ERROR 65326 --- [   arg--epoll-3] NALEPA-LOGGER                            : Thread[#37,arg--epoll-3,5,main]: FLATMAP_START: klient: 14
2024-11-30T00:58:07.282+01:00 ERROR 65326 --- [   arg--epoll-7] NALEPA-LOGGER                            : Thread[#41,arg--epoll-7,5,main]: FLATMAP_START: klient: 14
2024-11-30T00:58:07.292+01:00 ERROR 65326 --- [   arg--epoll-3] NALEPA-LOGGER                            : Thread[#37,arg--epoll-3,5,main]: FLATMAP_START: klient: 15
2024-11-30T00:58:07.292+01:00 ERROR 65326 --- [   arg--epoll-3] NALEPA-LOGGER                            : Thread[#37,arg--epoll-3,5,main]: FLATMAP_START: klient: 16
2024-11-30T00:58:07.293+01:00 ERROR 65326 --- [   arg--epoll-3] NALEPA-LOGGER                            : Thread[#37,arg--epoll-3,5,main]: FLATMAP_START: klient: 17
2024-11-30T00:58:07.293+01:00 ERROR 65326 --- [  m-Y-9-epoll-2] NALEPA-LOGGER                            : Thread[#111,m-Y-9-epoll-2,5,main]: FLATMAP_END: klient: 9
2024-11-30T00:58:07.293+01:00 ERROR 65326 --- [  m-Y-1-epoll-1] NALEPA-LOGGER                            : Thread[#46,m-Y-1-epoll-1,5,main]: FLATMAP_END: klient: 1
2024-11-30T00:58:07.293+01:00 ERROR 65326 --- [  m-Y-4-epoll-4] NALEPA-LOGGER                            : Thread[#73,m-Y-4-epoll-4,5,main]: FLATMAP_END: klient: 4
2024-11-30T00:58:07.293+01:00 ERROR 65326 --- [   arg--epoll-3] NALEPA-LOGGER                            : Thread[#37,arg--epoll-3,5,main]: FLATMAP_START: klient: 18
2024-11-30T00:58:07.294+01:00 ERROR 65326 --- [  m-Y-2-epoll-3] NALEPA-LOGGER                            : Thread[#56,m-Y-2-epoll-3,5,main]: FLATMAP_END: klient: 2
2024-11-30T00:58:07.295+01:00 ERROR 65326 --- [ m-Y-11-epoll-2] NALEPA-LOGGER                            : Thread[#127,m-Y-11-epoll-2,5,main]: FLATMAP_END: klient: 11
2024-11-30T00:58:07.296+01:00 ERROR 65326 --- [ m-Y-11-epoll-1] NALEPA-LOGGER                            : Thread[#126,m-Y-11-epoll-1,5,main]: FLATMAP_END: klient: 11
2024-11-30T00:58:07.295+01:00 ERROR 65326 --- [   arg--epoll-3] NALEPA-LOGGER                            : Thread[#37,arg--epoll-3,5,main]: FLATMAP_START: klient: 19
2024-11-30T00:58:07.296+01:00 ERROR 65326 --- [   arg--epoll-2] NALEPA-LOGGER                            : Thread[#36,arg--epoll-2,5,main]: FLATMAP_START: klient: 16
2024-11-30T00:58:07.296+01:00 ERROR 65326 --- [   arg--epoll-2] NALEPA-LOGGER                            : Thread[#36,arg--epoll-2,5,main]: FLATMAP_START: klient: 17
2024-11-30T00:58:07.297+01:00 ERROR 65326 --- [   arg--epoll-3] NALEPA-LOGGER                            : Thread[#37,arg--epoll-3,5,main]: FLATMAP_START: klient: 20
2024-11-30T00:58:07.297+01:00 ERROR 65326 --- [  m-Y-6-epoll-2] NALEPA-LOGGER                            : Thread[#87,m-Y-6-epoll-2,5,main]: FLATMAP_END: klient: 6
2024-11-30T00:58:07.297+01:00 ERROR 65326 --- [   arg--epoll-2] NALEPA-LOGGER                            : Thread[#36,arg--epoll-2,5,main]: FLATMAP_START: klient: 18
2024-11-30T00:58:07.297+01:00 ERROR 65326 --- [  m-Y-1-epoll-8] NALEPA-LOGGER                            : Thread[#53,m-Y-1-epoll-8,5,main]: FLATMAP_END: klient: 1
2024-11-30T00:58:07.297+01:00 ERROR 65326 --- [   arg--epoll-2] NALEPA-LOGGER                            : Thread[#36,arg--epoll-2,5,main]: FLATMAP_START: klient: 19
2024-11-30T00:58:07.298+01:00 ERROR 65326 --- [   arg--epoll-2] NALEPA-LOGGER                            : Thread[#36,arg--epoll-2,5,main]: FLATMAP_START: klient: 20
2024-11-30T00:58:07.282+01:00 ERROR 65326 --- [   arg--epoll-8] NALEPA-LOGGER                            : Thread[#42,arg--epoll-8,5,main]: FLATMAP_START: klient: 20
2024-11-30T00:58:07.283+01:00 ERROR 65326 --- [   arg--epoll-4] NALEPA-LOGGER                            : Thread[#38,arg--epoll-4,5,main]: FLATMAP_START: klient: 15
2024-11-30T00:58:07.299+01:00 ERROR 65326 --- [ m-Y-13-epoll-7] NALEPA-LOGGER                            : Thread[#148,m-Y-13-epoll-7,5,main]: FLATMAP_END: klient: 13
2024-11-30T00:58:07.300+01:00 ERROR 65326 --- [  m-Y-1-epoll-7] NALEPA-LOGGER                            : Thread[#52,m-Y-1-epoll-7,5,main]: FLATMAP_END: klient: 1
2024-11-30T00:58:07.300+01:00 ERROR 65326 --- [   arg--epoll-3] NALEPA-LOGGER                            : Thread[#37,arg--epoll-3,5,main] START-MONO. ObjectId: IDK# 109, Time: 1732924687300
2024-11-30T00:58:07.300+01:00 ERROR 65326 --- [   arg--epoll-4] NALEPA-LOGGER                            : Thread[#38,arg--epoll-4,5,main]: FLATMAP_START: klient: 16
2024-11-30T00:58:07.300+01:00 ERROR 65326 --- [   arg--epoll-3] NALEPA-LOGGER                            : Thread[#37,arg--epoll-3,5,main]: FLATMAP_START: klient: 1
2024-11-30T00:58:07.300+01:00 ERROR 65326 --- [  m-Y-3-epoll-8] NALEPA-LOGGER                            : Thread[#69,m-Y-3-epoll-8,5,main]: FLATMAP_END: klient: 3
2024-11-30T00:58:07.302+01:00 ERROR 65326 --- [   arg--epoll-8] NALEPA-LOGGER                            : Thread[#42,arg--epoll-8,5,main] START-MONO. ObjectId: IDK# 110, Time: 1732924687302
2024-11-30T00:58:07.302+01:00 ERROR 65326 --- [   arg--epoll-8] NALEPA-LOGGER                            : Thread[#42,arg--epoll-8,5,main]: FLATMAP_START: klient: 1
2024-11-30T00:58:07.283+01:00 ERROR 65326 --- [  m-Y-4-epoll-5] NALEPA-LOGGER                            : Thread[#74,m-Y-4-epoll-5,5,main]: FLATMAP_END: klient: 4
2024-11-30T00:58:07.303+01:00 ERROR 65326 --- [ m-Y-19-epoll-8] NALEPA-LOGGER                            : Thread[#197,m-Y-19-epoll-8,5,main]: FLATMAP_END: klient: 19
2024-11-30T00:58:07.303+01:00 ERROR 65326 --- [  m-Y-1-epoll-5] NALEPA-LOGGER                            : Thread[#50,m-Y-1-epoll-5,5,main]: FLATMAP_END: klient: 1
2024-11-30T00:58:07.284+01:00 ERROR 65326 --- [ m-Y-15-epoll-8] NALEPA-LOGGER                            : Thread[#165,m-Y-15-epoll-8,5,main]: FLATMAP_END: klient: 15
2024-11-30T00:58:07.304+01:00 ERROR 65326 --- [  m-Y-2-epoll-2] NALEPA-LOGGER                            : Thread[#55,m-Y-2-epoll-2,5,main]: FLATMAP_END: klient: 2
2024-11-30T00:58:07.304+01:00 ERROR 65326 --- [ m-Y-12-epoll-3] NALEPA-LOGGER                            : Thread[#136,m-Y-12-epoll-3,5,main]: FLATMAP_END: klient: 12
2024-11-30T00:58:07.305+01:00 ERROR 65326 --- [  m-Y-3-epoll-3] NALEPA-LOGGER                            : Thread[#64,m-Y-3-epoll-3,5,main]: FLATMAP_END: klient: 3
2024-11-30T00:58:07.305+01:00 ERROR 65326 --- [ m-Y-15-epoll-3] NALEPA-LOGGER                            : Thread[#160,m-Y-15-epoll-3,5,main]: FLATMAP_END: klient: 15
2024-11-30T00:58:07.306+01:00 ERROR 65326 --- [  m-Y-3-epoll-2] NALEPA-LOGGER                            : Thread[#63,m-Y-3-epoll-2,5,main]: FLATMAP_END: klient: 3
2024-11-30T00:58:07.307+01:00 ERROR 65326 --- [  m-Y-7-epoll-7] NALEPA-LOGGER                            : Thread[#100,m-Y-7-epoll-7,5,main]: FLATMAP_END: klient: 7
2024-11-30T00:58:07.308+01:00 ERROR 65326 --- [  m-Y-6-epoll-1] NALEPA-LOGGER                            : Thread[#86,m-Y-6-epoll-1,5,main]: FLATMAP_END: klient: 6
2024-11-30T00:58:07.308+01:00 ERROR 65326 --- [  m-Y-8-epoll-1] NALEPA-LOGGER                            : Thread[#102,m-Y-8-epoll-1,5,main]: FLATMAP_END: klient: 8
2024-11-30T00:58:07.309+01:00 ERROR 65326 --- [  m-Y-2-epoll-7] NALEPA-LOGGER                            : Thread[#60,m-Y-2-epoll-7,5,main]: FLATMAP_END: klient: 2
2024-11-30T00:58:07.309+01:00 ERROR 65326 --- [   arg--epoll-2] NALEPA-LOGGER                            : Thread[#36,arg--epoll-2,5,main] START-MONO. ObjectId: IDK# 111, Time: 1732924687309
2024-11-30T00:58:07.284+01:00 ERROR 65326 --- [   arg--epoll-1] NALEPA-LOGGER                            : Thread[#35,arg--epoll-1,5,main]: FLATMAP_START: klient: 15
2024-11-30T00:58:07.285+01:00 ERROR 65326 --- [  m-Y-3-epoll-1] NALEPA-LOGGER                            : Thread[#62,m-Y-3-epoll-1,5,main]: FLATMAP_END: klient: 3
2024-11-30T00:58:07.286+01:00 ERROR 65326 --- [  m-Y-2-epoll-8] NALEPA-LOGGER                            : Thread[#61,m-Y-2-epoll-8,5,main]: FLATMAP_END: klient: 2
2024-11-30T00:58:07.309+01:00 ERROR 65326 --- [   arg--epoll-1] NALEPA-LOGGER                            : Thread[#35,arg--epoll-1,5,main]: FLATMAP_START: klient: 16
2024-11-30T00:58:07.310+01:00 ERROR 65326 --- [  m-Y-9-epoll-5] NALEPA-LOGGER                            : Thread[#114,m-Y-9-epoll-5,5,main]: FLATMAP_END: klient: 9
2024-11-30T00:58:07.310+01:00 ERROR 65326 --- [ m-Y-14-epoll-3] NALEPA-LOGGER                            : Thread[#152,m-Y-14-epoll-3,5,main]: FLATMAP_END: klient: 14
2024-11-30T00:58:07.310+01:00 ERROR 65326 --- [   arg--epoll-1] NALEPA-LOGGER                            : Thread[#35,arg--epoll-1,5,main]: FLATMAP_START: klient: 17
2024-11-30T00:58:07.311+01:00 ERROR 65326 --- [  m-Y-5-epoll-5] NALEPA-LOGGER                            : Thread[#82,m-Y-5-epoll-5,5,main]: FLATMAP_END: klient: 5
2024-11-30T00:58:07.307+01:00 ERROR 65326 --- [   arg--epoll-8] NALEPA-LOGGER                            : Thread[#42,arg--epoll-8,5,main]: FLATMAP_START: klient: 2
2024-11-30T00:58:07.312+01:00 ERROR 65326 --- [  m-Y-7-epoll-4] NALEPA-LOGGER                            : Thread[#97,m-Y-7-epoll-4,5,main]: FLATMAP_END: klient: 7
2024-11-30T00:58:07.289+01:00 ERROR 65326 --- [  m-Y-6-epoll-5] NALEPA-LOGGER                            : Thread[#90,m-Y-6-epoll-5,5,main]: FLATMAP_END: klient: 6
2024-11-30T00:58:07.289+01:00 ERROR 65326 --- [  m-Y-9-epoll-6] NALEPA-LOGGER                            : Thread[#115,m-Y-9-epoll-6,5,main]: FLATMAP_END: klient: 9
2024-11-30T00:58:07.291+01:00 ERROR 65326 --- [   arg--epoll-5] NALEPA-LOGGER                            : Thread[#39,arg--epoll-5,5,main]: FLATMAP_START: klient: 17
2024-11-30T00:58:07.291+01:00 ERROR 65326 --- [   arg--epoll-6] NALEPA-LOGGER                            : Thread[#40,arg--epoll-6,5,main]: FLATMAP_START: klient: 16
2024-11-30T00:58:07.312+01:00 ERROR 65326 --- [  m-Y-5-epoll-1] NALEPA-LOGGER                            : Thread[#78,m-Y-5-epoll-1,5,main]: FLATMAP_END: klient: 5
2024-11-30T00:58:07.313+01:00 ERROR 65326 --- [  m-Y-6-epoll-3] NALEPA-LOGGER                            : Thread[#88,m-Y-6-epoll-3,5,main]: FLATMAP_END: klient: 6
2024-11-30T00:58:07.313+01:00 ERROR 65326 --- [ m-Y-16-epoll-1] NALEPA-LOGGER                            : Thread[#166,m-Y-16-epoll-1,5,main]: FLATMAP_END: klient: 16
2024-11-30T00:58:07.313+01:00 ERROR 65326 --- [  m-Y-4-epoll-2] NALEPA-LOGGER                            : Thread[#71,m-Y-4-epoll-2,5,main]: FLATMAP_END: klient: 4
2024-11-30T00:58:07.314+01:00 ERROR 65326 --- [   arg--epoll-2] NALEPA-LOGGER                            : Thread[#36,arg--epoll-2,5,main]: FLATMAP_START: klient: 1
2024-11-30T00:58:07.293+01:00 ERROR 65326 --- [   arg--epoll-7] NALEPA-LOGGER                            : Thread[#41,arg--epoll-7,5,main]: FLATMAP_START: klient: 15
2024-11-30T00:58:07.314+01:00 ERROR 65326 --- [  m-Y-8-epoll-4] NALEPA-LOGGER                            : Thread[#105,m-Y-8-epoll-4,5,main]: FLATMAP_END: klient: 8
2024-11-30T00:58:07.294+01:00 ERROR 65326 --- [ m-Y-10-epoll-4] NALEPA-LOGGER                            : Thread[#121,m-Y-10-epoll-4,5,main]: FLATMAP_END: klient: 10
2024-11-30T00:58:07.294+01:00 ERROR 65326 --- [ m-Y-12-epoll-4] NALEPA-LOGGER                            : Thread[#137,m-Y-12-epoll-4,5,main]: FLATMAP_END: klient: 12
2024-11-30T00:58:07.315+01:00 ERROR 65326 --- [  m-Y-5-epoll-6] NALEPA-LOGGER                            : Thread[#83,m-Y-5-epoll-6,5,main]: FLATMAP_END: klient: 5
2024-11-30T00:58:07.315+01:00 ERROR 65326 --- [   arg--epoll-6] NALEPA-LOGGER                            : Thread[#40,arg--epoll-6,5,main]: FLATMAP_START: klient: 17
2024-11-30T00:58:07.315+01:00 ERROR 65326 --- [   arg--epoll-2] NALEPA-LOGGER                            : Thread[#36,arg--epoll-2,5,main]: FLATMAP_START: klient: 2
2024-11-30T00:58:07.316+01:00 ERROR 65326 --- [   arg--epoll-7] NALEPA-LOGGER                            : Thread[#41,arg--epoll-7,5,main]: FLATMAP_START: klient: 16
2024-11-30T00:58:07.316+01:00 ERROR 65326 --- [  m-Y-6-epoll-7] NALEPA-LOGGER                            : Thread[#92,m-Y-6-epoll-7,5,main]: FLATMAP_END: klient: 6
2024-11-30T00:58:07.316+01:00 ERROR 65326 --- [ m-Y-10-epoll-5] NALEPA-LOGGER                            : Thread[#122,m-Y-10-epoll-5,5,main]: FLATMAP_END: klient: 10
2024-11-30T00:58:07.316+01:00 ERROR 65326 --- [   arg--epoll-2] NALEPA-LOGGER                            : Thread[#36,arg--epoll-2,5,main]: FLATMAP_START: klient: 3
2024-11-30T00:58:07.317+01:00 ERROR 65326 --- [ m-Y-11-epoll-5] NALEPA-LOGGER                            : Thread[#130,m-Y-11-epoll-5,5,main]: FLATMAP_END: klient: 11
2024-11-30T00:58:07.296+01:00 ERROR 65326 --- [  m-Y-3-epoll-7] NALEPA-LOGGER                            : Thread[#68,m-Y-3-epoll-7,5,main]: FLATMAP_END: klient: 3
2024-11-30T00:58:07.300+01:00 ERROR 65326 --- [  m-Y-5-epoll-7] NALEPA-LOGGER                            : Thread[#84,m-Y-5-epoll-7,5,main]: FLATMAP_END: klient: 5
2024-11-30T00:58:07.319+01:00 ERROR 65326 --- [ m-Y-13-epoll-6] NALEPA-LOGGER                            : Thread[#147,m-Y-13-epoll-6,5,main]: FLATMAP_END: klient: 13
2024-11-30T00:58:07.300+01:00 ERROR 65326 --- [   arg--epoll-4] NALEPA-LOGGER                            : Thread[#38,arg--epoll-4,5,main]: FLATMAP_START: klient: 17
2024-11-30T00:58:07.320+01:00 ERROR 65326 --- [   arg--epoll-4] NALEPA-LOGGER                            : Thread[#38,arg--epoll-4,5,main]: FLATMAP_START: klient: 18
2024-11-30T00:58:07.321+01:00 ERROR 65326 --- [  m-Y-4-epoll-6] NALEPA-LOGGER                            : Thread[#75,m-Y-4-epoll-6,5,main]: FLATMAP_END: klient: 4
2024-11-30T00:58:07.321+01:00 ERROR 65326 --- [   arg--epoll-5] NALEPA-LOGGER                            : Thread[#39,arg--epoll-5,5,main]: FLATMAP_START: klient: 18
2024-11-30T00:58:07.322+01:00 ERROR 65326 --- [ m-Y-12-epoll-7] NALEPA-LOGGER                            : Thread[#140,m-Y-12-epoll-7,5,main]: FLATMAP_END: klient: 12
2024-11-30T00:58:07.300+01:00 ERROR 65326 --- [   arg--epoll-3] NALEPA-LOGGER                            : Thread[#37,arg--epoll-3,5,main]: FLATMAP_START: klient: 2
2024-11-30T00:58:07.322+01:00 ERROR 65326 --- [   arg--epoll-3] NALEPA-LOGGER                            : Thread[#37,arg--epoll-3,5,main]: FLATMAP_START: klient: 3
2024-11-30T00:58:07.322+01:00 ERROR 65326 --- [ m-Y-14-epoll-2] NALEPA-LOGGER                            : Thread[#151,m-Y-14-epoll-2,5,main]: FLATMAP_END: klient: 14
2024-11-30T00:58:07.301+01:00 ERROR 65326 --- [  m-Y-2-epoll-6] NALEPA-LOGGER                            : Thread[#59,m-Y-2-epoll-6,5,main]: FLATMAP_END: klient: 2
2024-11-30T00:58:07.307+01:00 ERROR 65326 --- [  m-Y-8-epoll-6] NALEPA-LOGGER                            : Thread[#107,m-Y-8-epoll-6,5,main]: FLATMAP_END: klient: 8
2024-11-30T00:58:07.323+01:00 ERROR 65326 --- [   arg--epoll-3] NALEPA-LOGGER                            : Thread[#37,arg--epoll-3,5,main]: FLATMAP_START: klient: 4
2024-11-30T00:58:07.307+01:00 ERROR 65326 --- [  m-Y-9-epoll-1] NALEPA-LOGGER                            : Thread[#110,m-Y-9-epoll-1,5,main]: FLATMAP_END: klient: 9
2024-11-30T00:58:07.308+01:00 ERROR 65326 --- [  m-Y-7-epoll-3] NALEPA-LOGGER                            : Thread[#96,m-Y-7-epoll-3,5,main]: FLATMAP_END: klient: 7
2024-11-30T00:58:07.308+01:00 ERROR 65326 --- [  m-Y-4-epoll-1] NALEPA-LOGGER                            : Thread[#70,m-Y-4-epoll-1,5,main]: FLATMAP_END: klient: 4
2024-11-30T00:58:07.308+01:00 ERROR 65326 --- [ m-Y-10-epoll-7] NALEPA-LOGGER                            : Thread[#124,m-Y-10-epoll-7,5,main]: FLATMAP_END: klient: 10
2024-11-30T00:58:07.309+01:00 ERROR 65326 --- [  m-Y-4-epoll-7] NALEPA-LOGGER                            : Thread[#76,m-Y-4-epoll-7,5,main]: FLATMAP_END: klient: 4
2024-11-30T00:58:07.310+01:00 ERROR 65326 --- [ m-Y-14-epoll-7] NALEPA-LOGGER                            : Thread[#156,m-Y-14-epoll-7,5,main]: FLATMAP_END: klient: 14
2024-11-30T00:58:07.323+01:00 ERROR 65326 --- [   arg--epoll-3] NALEPA-LOGGER                            : Thread[#37,arg--epoll-3,5,main]: FLATMAP_START: klient: 5
2024-11-30T00:58:07.310+01:00 ERROR 65326 --- [ m-Y-13-epoll-2] NALEPA-LOGGER                            : Thread[#143,m-Y-13-epoll-2,5,main]: FLATMAP_END: klient: 13
2024-11-30T00:58:07.311+01:00 ERROR 65326 --- [   arg--epoll-8] NALEPA-LOGGER                            : Thread[#42,arg--epoll-8,5,main]: FLATMAP_START: klient: 3
2024-11-30T00:58:07.312+01:00 ERROR 65326 --- [  m-Y-5-epoll-3] NALEPA-LOGGER                            : Thread[#80,m-Y-5-epoll-3,5,main]: FLATMAP_END: klient: 5
2024-11-30T00:58:07.314+01:00 ERROR 65326 --- [   arg--epoll-1] NALEPA-LOGGER                            : Thread[#35,arg--epoll-1,5,main]: FLATMAP_START: klient: 18
2024-11-30T00:58:07.314+01:00 ERROR 65326 --- [ m-Y-10-epoll-3] NALEPA-LOGGER                            : Thread[#120,m-Y-10-epoll-3,5,main]: FLATMAP_END: klient: 10
2024-11-30T00:58:07.324+01:00 ERROR 65326 --- [   arg--epoll-8] NALEPA-LOGGER                            : Thread[#42,arg--epoll-8,5,main]: FLATMAP_START: klient: 4
2024-11-30T00:58:07.316+01:00 ERROR 65326 --- [  m-Y-9-epoll-7] NALEPA-LOGGER                            : Thread[#116,m-Y-9-epoll-7,5,main]: FLATMAP_END: klient: 9
2024-11-30T00:58:07.317+01:00 ERROR 65326 --- [  m-Y-2-epoll-1] NALEPA-LOGGER                            : Thread[#54,m-Y-2-epoll-1,5,main]: FLATMAP_END: klient: 2
2024-11-30T00:58:07.317+01:00 ERROR 65326 --- [ m-Y-20-epoll-3] NALEPA-LOGGER                            : Thread[#200,m-Y-20-epoll-3,5,main]: FLATMAP_END: klient: 20
2024-11-30T00:58:07.317+01:00 ERROR 65326 --- [ m-Y-11-epoll-8] NALEPA-LOGGER                            : Thread[#133,m-Y-11-epoll-8,5,main]: FLATMAP_END: klient: 11
2024-11-30T00:58:07.317+01:00 ERROR 65326 --- [   arg--epoll-6] NALEPA-LOGGER                            : Thread[#40,arg--epoll-6,5,main]: FLATMAP_START: klient: 18
2024-11-30T00:58:07.325+01:00 ERROR 65326 --- [ m-Y-10-epoll-6] NALEPA-LOGGER                            : Thread[#123,m-Y-10-epoll-6,5,main]: FLATMAP_END: klient: 10
2024-11-30T00:58:07.325+01:00 ERROR 65326 --- [ m-Y-18-epoll-8] NALEPA-LOGGER                            : Thread[#189,m-Y-18-epoll-8,5,main]: FLATMAP_END: klient: 18
2024-11-30T00:58:07.326+01:00 ERROR 65326 --- [   arg--epoll-3] NALEPA-LOGGER                            : Thread[#37,arg--epoll-3,5,main]: FLATMAP_START: klient: 6
2024-11-30T00:58:07.326+01:00 ERROR 65326 --- [ m-Y-16-epoll-6] NALEPA-LOGGER                            : Thread[#171,m-Y-16-epoll-6,5,main]: FLATMAP_END: klient: 16
2024-11-30T00:58:07.326+01:00 ERROR 65326 --- [ m-Y-20-epoll-3] NALEPA-LOGGER                            : Thread[#200,m-Y-20-epoll-3,5,main] FINISH-MONO. Took: 72, ObjectId: IDK# 104, StartTime: 1732924687254, Time: 72
2024-11-30T00:58:07.326+01:00 ERROR 65326 --- [   arg--epoll-3] NALEPA-LOGGER                            : Thread[#37,arg--epoll-3,5,main]: FLATMAP_START: klient: 7
2024-11-30T00:58:07.327+01:00 ERROR 65326 --- [   arg--epoll-8] NALEPA-LOGGER                            : Thread[#42,arg--epoll-8,5,main]: FLATMAP_START: klient: 5
2024-11-30T00:58:07.327+01:00 ERROR 65326 --- [  m-Y-1-epoll-4] NALEPA-LOGGER                            : Thread[#49,m-Y-1-epoll-4,5,main]: FLATMAP_END: klient: 1
2024-11-30T00:58:07.328+01:00 ERROR 65326 --- [ m-Y-15-epoll-6] NALEPA-LOGGER                            : Thread[#163,m-Y-15-epoll-6,5,main]: FLATMAP_END: klient: 15
2024-11-30T00:58:07.317+01:00 ERROR 65326 --- [  m-Y-3-epoll-6] NALEPA-LOGGER                            : Thread[#67,m-Y-3-epoll-6,5,main]: FLATMAP_END: klient: 3
2024-11-30T00:58:07.329+01:00 ERROR 65326 --- [ m-Y-12-epoll-8] NALEPA-LOGGER                            : Thread[#141,m-Y-12-epoll-8,5,main]: FLATMAP_END: klient: 12
2024-11-30T00:58:07.330+01:00 ERROR 65326 --- [   arg--epoll-4] NALEPA-LOGGER                            : Thread[#38,arg--epoll-4,5,main]: FLATMAP_START: klient: 19
2024-11-30T00:58:07.330+01:00 ERROR 65326 --- [ m-Y-20-epoll-1] NALEPA-LOGGER                            : Thread[#198,m-Y-20-epoll-1,5,main]: FLATMAP_END: klient: 20
2024-11-30T00:58:07.330+01:00 ERROR 65326 --- [   arg--epoll-3] NALEPA-LOGGER                            : Thread[#37,arg--epoll-3,5,main]: FLATMAP_START: klient: 8
2024-11-30T00:58:07.330+01:00 ERROR 65326 --- [ m-Y-14-epoll-8] NALEPA-LOGGER                            : Thread[#157,m-Y-14-epoll-8,5,main]: FLATMAP_END: klient: 14
2024-11-30T00:58:07.331+01:00 ERROR 65326 --- [   arg--epoll-4] NALEPA-LOGGER                            : Thread[#38,arg--epoll-4,5,main]: FLATMAP_START: klient: 20
2024-11-30T00:58:07.331+01:00 ERROR 65326 --- [ m-Y-17-epoll-5] NALEPA-LOGGER                            : Thread[#178,m-Y-17-epoll-5,5,main]: FLATMAP_END: klient: 17
2024-11-30T00:58:07.331+01:00 ERROR 65326 --- [ m-Y-14-epoll-5] NALEPA-LOGGER                            : Thread[#154,m-Y-14-epoll-5,5,main]: FLATMAP_END: klient: 14
2024-11-30T00:58:07.332+01:00 ERROR 65326 --- [ m-Y-17-epoll-1] NALEPA-LOGGER                            : Thread[#174,m-Y-17-epoll-1,5,main]: FLATMAP_END: klient: 17
2024-11-30T00:58:07.332+01:00 ERROR 65326 --- [ m-Y-16-epoll-4] NALEPA-LOGGER                            : Thread[#169,m-Y-16-epoll-4,5,main]: FLATMAP_END: klient: 16
2024-11-30T00:58:07.318+01:00 ERROR 65326 --- [ m-Y-12-epoll-6] NALEPA-LOGGER                            : Thread[#139,m-Y-12-epoll-6,5,main]: FLATMAP_END: klient: 12
2024-11-30T00:58:07.334+01:00 ERROR 65326 --- [   arg--epoll-3] NALEPA-LOGGER                            : Thread[#37,arg--epoll-3,5,main]: FLATMAP_START: klient: 9
2024-11-30T00:58:07.318+01:00 ERROR 65326 --- [  m-Y-7-epoll-1] NALEPA-LOGGER                            : Thread[#94,m-Y-7-epoll-1,5,main]: FLATMAP_END: klient: 7
2024-11-30T00:58:07.318+01:00 ERROR 65326 --- [   arg--epoll-7] NALEPA-LOGGER                            : Thread[#41,arg--epoll-7,5,main]: FLATMAP_START: klient: 17
2024-11-30T00:58:07.335+01:00 ERROR 65326 --- [   arg--epoll-3] NALEPA-LOGGER                            : Thread[#37,arg--epoll-3,5,main]: FLATMAP_START: klient: 10
2024-11-30T00:58:07.336+01:00 ERROR 65326 --- [   arg--epoll-7] NALEPA-LOGGER                            : Thread[#41,arg--epoll-7,5,main]: FLATMAP_START: klient: 18
2024-11-30T00:58:07.336+01:00 ERROR 65326 --- [   arg--epoll-3] NALEPA-LOGGER                            : Thread[#37,arg--epoll-3,5,main]: FLATMAP_START: klient: 11
2024-11-30T00:58:07.336+01:00 ERROR 65326 --- [ m-Y-15-epoll-5] NALEPA-LOGGER                            : Thread[#162,m-Y-15-epoll-5,5,main]: FLATMAP_END: klient: 15
2024-11-30T00:58:07.336+01:00 ERROR 65326 --- [   arg--epoll-7] NALEPA-LOGGER                            : Thread[#41,arg--epoll-7,5,main]: FLATMAP_START: klient: 19
2024-11-30T00:58:07.336+01:00 ERROR 65326 --- [   arg--epoll-3] NALEPA-LOGGER                            : Thread[#37,arg--epoll-3,5,main]: FLATMAP_START: klient: 12
2024-11-30T00:58:07.336+01:00 ERROR 65326 --- [   arg--epoll-7] NALEPA-LOGGER                            : Thread[#41,arg--epoll-7,5,main]: FLATMAP_START: klient: 20
2024-11-30T00:58:07.336+01:00 ERROR 65326 --- [   arg--epoll-3] NALEPA-LOGGER                            : Thread[#37,arg--epoll-3,5,main]: FLATMAP_START: klient: 13
2024-11-30T00:58:07.337+01:00 ERROR 65326 --- [   arg--epoll-3] NALEPA-LOGGER                            : Thread[#37,arg--epoll-3,5,main]: FLATMAP_START: klient: 14
2024-11-30T00:58:07.318+01:00 ERROR 65326 --- [ m-Y-11-epoll-3] NALEPA-LOGGER                            : Thread[#128,m-Y-11-epoll-3,5,main]: FLATMAP_END: klient: 11
2024-11-30T00:58:07.318+01:00 ERROR 65326 --- [ m-Y-11-epoll-6] NALEPA-LOGGER                            : Thread[#131,m-Y-11-epoll-6,5,main]: FLATMAP_END: klient: 11
2024-11-30T00:58:07.338+01:00 ERROR 65326 --- [   arg--epoll-4] NALEPA-LOGGER                            : Thread[#38,arg--epoll-4,5,main] START-MONO. ObjectId: IDK# 112, Time: 1732924687338
2024-11-30T00:58:07.339+01:00 ERROR 65326 --- [   arg--epoll-4] NALEPA-LOGGER                            : Thread[#38,arg--epoll-4,5,main]: FLATMAP_START: klient: 1
2024-11-30T00:58:07.318+01:00 ERROR 65326 --- [  m-Y-6-epoll-6] NALEPA-LOGGER                            : Thread[#91,m-Y-6-epoll-6,5,main]: FLATMAP_END: klient: 6
2024-11-30T00:58:07.340+01:00 ERROR 65326 --- [ m-Y-13-epoll-3] NALEPA-LOGGER                            : Thread[#144,m-Y-13-epoll-3,5,main]: FLATMAP_END: klient: 13
2024-11-30T00:58:07.319+01:00 ERROR 65326 --- [  m-Y-9-epoll-8] NALEPA-LOGGER                            : Thread[#117,m-Y-9-epoll-8,5,main]: FLATMAP_END: klient: 9
2024-11-30T00:58:07.341+01:00 ERROR 65326 --- [   arg--epoll-7] NALEPA-LOGGER                            : Thread[#41,arg--epoll-7,5,main] START-MONO. ObjectId: IDK# 113, Time: 1732924687341
2024-11-30T00:58:07.341+01:00 ERROR 65326 --- [   arg--epoll-7] NALEPA-LOGGER                            : Thread[#41,arg--epoll-7,5,main]: FLATMAP_START: klient: 1
2024-11-30T00:58:07.319+01:00 ERROR 65326 --- [ m-Y-11-epoll-4] NALEPA-LOGGER                            : Thread[#129,m-Y-11-epoll-4,5,main]: FLATMAP_END: klient: 11
2024-11-30T00:58:07.341+01:00 ERROR 65326 --- [   arg--epoll-4] NALEPA-LOGGER                            : Thread[#38,arg--epoll-4,5,main]: FLATMAP_START: klient: 2
2024-11-30T00:58:07.343+01:00 ERROR 65326 --- [   arg--epoll-4] NALEPA-LOGGER                            : Thread[#38,arg--epoll-4,5,main]: FLATMAP_START: klient: 3
2024-11-30T00:58:07.344+01:00 ERROR 65326 --- [ m-Y-20-epoll-4] NALEPA-LOGGER                            : Thread[#201,m-Y-20-epoll-4,5,main]: FLATMAP_END: klient: 20
2024-11-30T00:58:07.344+01:00 ERROR 65326 --- [ m-Y-15-epoll-1] NALEPA-LOGGER                            : Thread[#158,m-Y-15-epoll-1,5,main]: FLATMAP_END: klient: 15
2024-11-30T00:58:07.345+01:00 ERROR 65326 --- [   arg--epoll-4] NALEPA-LOGGER                            : Thread[#38,arg--epoll-4,5,main]: FLATMAP_START: klient: 4
2024-11-30T00:58:07.345+01:00 ERROR 65326 --- [ m-Y-18-epoll-2] NALEPA-LOGGER                            : Thread[#183,m-Y-18-epoll-2,5,main]: FLATMAP_END: klient: 18
2024-11-30T00:58:07.346+01:00 ERROR 65326 --- [  m-Y-2-epoll-3] NALEPA-LOGGER                            : Thread[#56,m-Y-2-epoll-3,5,main]: FLATMAP_END: klient: 2
2024-11-30T00:58:07.319+01:00 ERROR 65326 --- [ m-Y-13-epoll-4] NALEPA-LOGGER                            : Thread[#145,m-Y-13-epoll-4,5,main]: FLATMAP_END: klient: 13
2024-11-30T00:58:07.319+01:00 ERROR 65326 --- [ m-Y-10-epoll-8] NALEPA-LOGGER                            : Thread[#125,m-Y-10-epoll-8,5,main]: FLATMAP_END: klient: 10
2024-11-30T00:58:07.319+01:00 ERROR 65326 --- [  m-Y-8-epoll-3] NALEPA-LOGGER                            : Thread[#104,m-Y-8-epoll-3,5,main]: FLATMAP_END: klient: 8
2024-11-30T00:58:07.348+01:00 ERROR 65326 --- [  m-Y-3-epoll-4] NALEPA-LOGGER                            : Thread[#65,m-Y-3-epoll-4,5,main]: FLATMAP_END: klient: 3
2024-11-30T00:58:07.320+01:00 ERROR 65326 --- [  m-Y-7-epoll-5] NALEPA-LOGGER                            : Thread[#98,m-Y-7-epoll-5,5,main]: FLATMAP_END: klient: 7
2024-11-30T00:58:07.348+01:00 ERROR 65326 --- [  m-Y-4-epoll-8] NALEPA-LOGGER                            : Thread[#77,m-Y-4-epoll-8,5,main]: FLATMAP_END: klient: 4
2024-11-30T00:58:07.321+01:00 ERROR 65326 --- [  m-Y-9-epoll-4] NALEPA-LOGGER                            : Thread[#113,m-Y-9-epoll-4,5,main]: FLATMAP_END: klient: 9
2024-11-30T00:58:07.322+01:00 ERROR 65326 --- [ m-Y-13-epoll-8] NALEPA-LOGGER                            : Thread[#149,m-Y-13-epoll-8,5,main]: FLATMAP_END: klient: 13
2024-11-30T00:58:07.322+01:00 ERROR 65326 --- [   arg--epoll-5] NALEPA-LOGGER                            : Thread[#39,arg--epoll-5,5,main]: FLATMAP_START: klient: 19
2024-11-30T00:58:07.322+01:00 ERROR 65326 --- [ m-Y-12-epoll-5] NALEPA-LOGGER                            : Thread[#138,m-Y-12-epoll-5,5,main]: FLATMAP_END: klient: 12
2024-11-30T00:58:07.324+01:00 ERROR 65326 --- [   arg--epoll-1] NALEPA-LOGGER                            : Thread[#35,arg--epoll-1,5,main]: FLATMAP_START: klient: 19
2024-11-30T00:58:07.328+01:00 ERROR 65326 --- [   arg--epoll-8] NALEPA-LOGGER                            : Thread[#42,arg--epoll-8,5,main]: FLATMAP_START: klient: 6
2024-11-30T00:58:07.328+01:00 ERROR 65326 --- [   arg--epoll-6] NALEPA-LOGGER                            : Thread[#40,arg--epoll-6,5,main]: FLATMAP_START: klient: 19
2024-11-30T00:58:07.328+01:00 ERROR 65326 --- [ m-Y-13-epoll-5] NALEPA-LOGGER                            : Thread[#146,m-Y-13-epoll-5,5,main]: FLATMAP_END: klient: 13
2024-11-30T00:58:07.349+01:00 ERROR 65326 --- [   arg--epoll-8] NALEPA-LOGGER                            : Thread[#42,arg--epoll-8,5,main]: FLATMAP_START: klient: 7
2024-11-30T00:58:07.350+01:00 ERROR 65326 --- [   arg--epoll-8] NALEPA-LOGGER                            : Thread[#42,arg--epoll-8,5,main]: FLATMAP_START: klient: 8
2024-11-30T00:58:07.351+01:00 ERROR 65326 --- [   arg--epoll-8] NALEPA-LOGGER                            : Thread[#42,arg--epoll-8,5,main]: FLATMAP_START: klient: 9
2024-11-30T00:58:07.351+01:00 ERROR 65326 --- [  m-Y-5-epoll-2] NALEPA-LOGGER                            : Thread[#79,m-Y-5-epoll-2,5,main]: FLATMAP_END: klient: 5
2024-11-30T00:58:07.351+01:00 ERROR 65326 --- [   arg--epoll-1] NALEPA-LOGGER                            : Thread[#35,arg--epoll-1,5,main]: FLATMAP_START: klient: 20
2024-11-30T00:58:07.351+01:00 ERROR 65326 --- [  m-Y-7-epoll-6] NALEPA-LOGGER                            : Thread[#99,m-Y-7-epoll-6,5,main]: FLATMAP_END: klient: 7
2024-11-30T00:58:07.351+01:00 ERROR 65326 --- [   arg--epoll-8] NALEPA-LOGGER                            : Thread[#42,arg--epoll-8,5,main]: FLATMAP_START: klient: 10
2024-11-30T00:58:07.352+01:00 ERROR 65326 --- [   arg--epoll-8] NALEPA-LOGGER                            : Thread[#42,arg--epoll-8,5,main]: FLATMAP_START: klient: 11
2024-11-30T00:58:07.352+01:00 ERROR 65326 --- [   arg--epoll-8] NALEPA-LOGGER                            : Thread[#42,arg--epoll-8,5,main]: FLATMAP_START: klient: 12
2024-11-30T00:58:07.329+01:00 ERROR 65326 --- [   arg--epoll-2] NALEPA-LOGGER                            : Thread[#36,arg--epoll-2,5,main]: FLATMAP_START: klient: 4
2024-11-30T00:58:07.352+01:00 ERROR 65326 --- [  m-Y-6-epoll-8] NALEPA-LOGGER                            : Thread[#93,m-Y-6-epoll-8,5,main]: FLATMAP_END: klient: 6
2024-11-30T00:58:07.353+01:00 ERROR 65326 --- [   arg--epoll-2] NALEPA-LOGGER                            : Thread[#36,arg--epoll-2,5,main]: FLATMAP_START: klient: 5
2024-11-30T00:58:07.353+01:00 ERROR 65326 --- [   arg--epoll-2] NALEPA-LOGGER                            : Thread[#36,arg--epoll-2,5,main]: FLATMAP_START: klient: 6
2024-11-30T00:58:07.354+01:00 ERROR 65326 --- [   arg--epoll-2] NALEPA-LOGGER                            : Thread[#36,arg--epoll-2,5,main]: FLATMAP_START: klient: 7
2024-11-30T00:58:07.354+01:00 ERROR 65326 --- [   arg--epoll-1] NALEPA-LOGGER                            : Thread[#35,arg--epoll-1,5,main] START-MONO. ObjectId: IDK# 114, Time: 1732924687354
2024-11-30T00:58:07.354+01:00 ERROR 65326 --- [   arg--epoll-2] NALEPA-LOGGER                            : Thread[#36,arg--epoll-2,5,main]: FLATMAP_START: klient: 8
2024-11-30T00:58:07.354+01:00 ERROR 65326 --- [   arg--epoll-2] NALEPA-LOGGER                            : Thread[#36,arg--epoll-2,5,main]: FLATMAP_START: klient: 9
2024-11-30T00:58:07.355+01:00 ERROR 65326 --- [   arg--epoll-2] NALEPA-LOGGER                            : Thread[#36,arg--epoll-2,5,main]: FLATMAP_START: klient: 10
2024-11-30T00:58:07.355+01:00 ERROR 65326 --- [   arg--epoll-2] NALEPA-LOGGER                            : Thread[#36,arg--epoll-2,5,main]: FLATMAP_START: klient: 11
2024-11-30T00:58:07.356+01:00 ERROR 65326 --- [   arg--epoll-2] NALEPA-LOGGER                            : Thread[#36,arg--epoll-2,5,main]: FLATMAP_START: klient: 12
2024-11-30T00:58:07.356+01:00 ERROR 65326 --- [ m-Y-17-epoll-8] NALEPA-LOGGER                            : Thread[#181,m-Y-17-epoll-8,5,main]: FLATMAP_END: klient: 17
2024-11-30T00:58:07.356+01:00 ERROR 65326 --- [   arg--epoll-5] NALEPA-LOGGER                            : Thread[#39,arg--epoll-5,5,main]: FLATMAP_START: klient: 20
2024-11-30T00:58:07.357+01:00 ERROR 65326 --- [   arg--epoll-2] NALEPA-LOGGER                            : Thread[#36,arg--epoll-2,5,main]: FLATMAP_START: klient: 13
2024-11-30T00:58:07.357+01:00 ERROR 65326 --- [ m-Y-16-epoll-3] NALEPA-LOGGER                            : Thread[#168,m-Y-16-epoll-3,5,main]: FLATMAP_END: klient: 16
2024-11-30T00:58:07.357+01:00 ERROR 65326 --- [   arg--epoll-2] NALEPA-LOGGER                            : Thread[#36,arg--epoll-2,5,main]: FLATMAP_START: klient: 14
2024-11-30T00:58:07.357+01:00 ERROR 65326 --- [   arg--epoll-2] NALEPA-LOGGER                            : Thread[#36,arg--epoll-2,5,main]: FLATMAP_START: klient: 15
2024-11-30T00:58:07.358+01:00 ERROR 65326 --- [  m-Y-8-epoll-5] NALEPA-LOGGER                            : Thread[#106,m-Y-8-epoll-5,5,main]: FLATMAP_END: klient: 8
2024-11-30T00:58:07.359+01:00 ERROR 65326 --- [   arg--epoll-8] NALEPA-LOGGER                            : Thread[#42,arg--epoll-8,5,main]: FLATMAP_START: klient: 13
2024-11-30T00:58:07.359+01:00 ERROR 65326 --- [ m-Y-15-epoll-2] NALEPA-LOGGER                            : Thread[#159,m-Y-15-epoll-2,5,main]: FLATMAP_END: klient: 15
2024-11-30T00:58:07.359+01:00 ERROR 65326 --- [   arg--epoll-5] NALEPA-LOGGER                            : Thread[#39,arg--epoll-5,5,main] START-MONO. ObjectId: IDK# 115, Time: 1732924687359
2024-11-30T00:58:07.359+01:00 ERROR 65326 --- [   arg--epoll-5] NALEPA-LOGGER                            : Thread[#39,arg--epoll-5,5,main]: FLATMAP_START: klient: 1
2024-11-30T00:58:07.359+01:00 ERROR 65326 --- [   arg--epoll-8] NALEPA-LOGGER                            : Thread[#42,arg--epoll-8,5,main]: FLATMAP_START: klient: 14
2024-11-30T00:58:07.360+01:00 ERROR 65326 --- [   arg--epoll-5] NALEPA-LOGGER                            : Thread[#39,arg--epoll-5,5,main]: FLATMAP_START: klient: 2
2024-11-30T00:58:07.360+01:00 ERROR 65326 --- [   arg--epoll-8] NALEPA-LOGGER                            : Thread[#42,arg--epoll-8,5,main]: FLATMAP_START: klient: 15
2024-11-30T00:58:07.360+01:00 ERROR 65326 --- [   arg--epoll-8] NALEPA-LOGGER                            : Thread[#42,arg--epoll-8,5,main]: FLATMAP_START: klient: 16
2024-11-30T00:58:07.360+01:00 ERROR 65326 --- [ m-Y-12-epoll-1] NALEPA-LOGGER                            : Thread[#134,m-Y-12-epoll-1,5,main]: FLATMAP_END: klient: 12
2024-11-30T00:58:07.360+01:00 ERROR 65326 --- [   arg--epoll-8] NALEPA-LOGGER                            : Thread[#42,arg--epoll-8,5,main]: FLATMAP_START: klient: 17
2024-11-30T00:58:07.361+01:00 ERROR 65326 --- [   arg--epoll-8] NALEPA-LOGGER                            : Thread[#42,arg--epoll-8,5,main]: FLATMAP_START: klient: 18
2024-11-30T00:58:07.329+01:00 ERROR 65326 --- [ m-Y-16-epoll-5] NALEPA-LOGGER                            : Thread[#170,m-Y-16-epoll-5,5,main]: FLATMAP_END: klient: 16
2024-11-30T00:58:07.361+01:00 ERROR 65326 --- [   arg--epoll-8] NALEPA-LOGGER                            : Thread[#42,arg--epoll-8,5,main]: FLATMAP_START: klient: 19
2024-11-30T00:58:07.361+01:00 ERROR 65326 --- [   arg--epoll-2] NALEPA-LOGGER                            : Thread[#36,arg--epoll-2,5,main]: FLATMAP_START: klient: 16
2024-11-30T00:58:07.329+01:00 ERROR 65326 --- [  m-Y-8-epoll-8] NALEPA-LOGGER                            : Thread[#109,m-Y-8-epoll-8,5,main]: FLATMAP_END: klient: 8
2024-11-30T00:58:07.361+01:00 ERROR 65326 --- [   arg--epoll-8] NALEPA-LOGGER                            : Thread[#42,arg--epoll-8,5,main]: FLATMAP_START: klient: 20
2024-11-30T00:58:07.362+01:00 ERROR 65326 --- [   arg--epoll-2] NALEPA-LOGGER                            : Thread[#36,arg--epoll-2,5,main]: FLATMAP_START: klient: 17
2024-11-30T00:58:07.362+01:00 ERROR 65326 --- [   arg--epoll-2] NALEPA-LOGGER                            : Thread[#36,arg--epoll-2,5,main]: FLATMAP_START: klient: 18
2024-11-30T00:58:07.362+01:00 ERROR 65326 --- [   arg--epoll-2] NALEPA-LOGGER                            : Thread[#36,arg--epoll-2,5,main]: FLATMAP_START: klient: 19
2024-11-30T00:58:07.363+01:00 ERROR 65326 --- [   arg--epoll-2] NALEPA-LOGGER                            : Thread[#36,arg--epoll-2,5,main]: FLATMAP_START: klient: 20
2024-11-30T00:58:07.330+01:00 ERROR 65326 --- [ m-Y-14-epoll-6] NALEPA-LOGGER                            : Thread[#155,m-Y-14-epoll-6,5,main]: FLATMAP_END: klient: 14
2024-11-30T00:58:07.365+01:00 ERROR 65326 --- [ m-Y-10-epoll-2] NALEPA-LOGGER                            : Thread[#119,m-Y-10-epoll-2,5,main]: FLATMAP_END: klient: 10
2024-11-30T00:58:07.366+01:00 ERROR 65326 --- [ m-Y-11-epoll-7] NALEPA-LOGGER                            : Thread[#132,m-Y-11-epoll-7,5,main]: FLATMAP_END: klient: 11
2024-11-30T00:58:07.331+01:00 ERROR 65326 --- [ m-Y-15-epoll-4] NALEPA-LOGGER                            : Thread[#161,m-Y-15-epoll-4,5,main]: FLATMAP_END: klient: 15
2024-11-30T00:58:07.334+01:00 ERROR 65326 --- [  m-Y-1-epoll-6] NALEPA-LOGGER                            : Thread[#51,m-Y-1-epoll-6,5,main]: FLATMAP_END: klient: 1
2024-11-30T00:58:07.366+01:00 ERROR 65326 --- [ m-Y-15-epoll-7] NALEPA-LOGGER                            : Thread[#164,m-Y-15-epoll-7,5,main]: FLATMAP_END: klient: 15
2024-11-30T00:58:07.334+01:00 ERROR 65326 --- [ m-Y-19-epoll-3] NALEPA-LOGGER                            : Thread[#192,m-Y-19-epoll-3,5,main]: FLATMAP_END: klient: 19
2024-11-30T00:58:07.338+01:00 ERROR 65326 --- [ m-Y-19-epoll-2] NALEPA-LOGGER                            : Thread[#191,m-Y-19-epoll-2,5,main]: FLATMAP_END: klient: 19
2024-11-30T00:58:07.367+01:00 ERROR 65326 --- [ m-Y-14-epoll-1] NALEPA-LOGGER                            : Thread[#150,m-Y-14-epoll-1,5,main]: FLATMAP_END: klient: 14
2024-11-30T00:58:07.338+01:00 ERROR 65326 --- [ m-Y-18-epoll-7] NALEPA-LOGGER                            : Thread[#188,m-Y-18-epoll-7,5,main]: FLATMAP_END: klient: 18
2024-11-30T00:58:07.339+01:00 ERROR 65326 --- [   arg--epoll-3] NALEPA-LOGGER                            : Thread[#37,arg--epoll-3,5,main]: FLATMAP_START: klient: 15
2024-11-30T00:58:07.369+01:00 ERROR 65326 --- [   arg--epoll-2] NALEPA-LOGGER                            : Thread[#36,arg--epoll-2,5,main] START-MONO. ObjectId: IDK# 116, Time: 1732924687369
2024-11-30T00:58:07.369+01:00 ERROR 65326 --- [   arg--epoll-2] NALEPA-LOGGER                            : Thread[#36,arg--epoll-2,5,main]: FLATMAP_START: klient: 1
2024-11-30T00:58:07.369+01:00 ERROR 65326 --- [   arg--epoll-5] NALEPA-LOGGER                            : Thread[#39,arg--epoll-5,5,main]: FLATMAP_START: klient: 3
2024-11-30T00:58:07.370+01:00 ERROR 65326 --- [   arg--epoll-5] NALEPA-LOGGER                            : Thread[#39,arg--epoll-5,5,main]: FLATMAP_START: klient: 4
2024-11-30T00:58:07.370+01:00 ERROR 65326 --- [   arg--epoll-5] NALEPA-LOGGER                            : Thread[#39,arg--epoll-5,5,main]: FLATMAP_START: klient: 5
2024-11-30T00:58:07.370+01:00 ERROR 65326 --- [   arg--epoll-2] NALEPA-LOGGER                            : Thread[#36,arg--epoll-2,5,main]: FLATMAP_START: klient: 2
2024-11-30T00:58:07.371+01:00 ERROR 65326 --- [   arg--epoll-2] NALEPA-LOGGER                            : Thread[#36,arg--epoll-2,5,main]: FLATMAP_START: klient: 3
2024-11-30T00:58:07.339+01:00 ERROR 65326 --- [  m-Y-1-epoll-3] NALEPA-LOGGER                            : Thread[#48,m-Y-1-epoll-3,5,main]: FLATMAP_END: klient: 1
2024-11-30T00:58:07.371+01:00 ERROR 65326 --- [ m-Y-16-epoll-7] NALEPA-LOGGER                            : Thread[#172,m-Y-16-epoll-7,5,main]: FLATMAP_END: klient: 16
2024-11-30T00:58:07.340+01:00 ERROR 65326 --- [ m-Y-17-epoll-4] NALEPA-LOGGER                            : Thread[#177,m-Y-17-epoll-4,5,main]: FLATMAP_END: klient: 17
2024-11-30T00:58:07.372+01:00 ERROR 65326 --- [ m-Y-17-epoll-4] NALEPA-LOGGER                            : Thread[#177,m-Y-17-epoll-4,5,main] FINISH-MONO. Took: 117, ObjectId: IDK# 106, StartTime: 1732924687255, Time: 117
2024-11-30T00:58:07.373+01:00 ERROR 65326 --- [ m-Y-17-epoll-3] NALEPA-LOGGER                            : Thread[#176,m-Y-17-epoll-3,5,main]: FLATMAP_END: klient: 17
2024-11-30T00:58:07.374+01:00 ERROR 65326 --- [   arg--epoll-8] NALEPA-LOGGER                            : Thread[#42,arg--epoll-8,5,main] START-MONO. ObjectId: IDK# 117, Time: 1732924687374
2024-11-30T00:58:07.374+01:00 ERROR 65326 --- [   arg--epoll-8] NALEPA-LOGGER                            : Thread[#42,arg--epoll-8,5,main]: FLATMAP_START: klient: 1
2024-11-30T00:58:07.374+01:00 ERROR 65326 --- [ m-Y-20-epoll-6] NALEPA-LOGGER                            : Thread[#203,m-Y-20-epoll-6,5,main]: FLATMAP_END: klient: 20
2024-11-30T00:58:07.341+01:00 ERROR 65326 --- [ m-Y-12-epoll-2] NALEPA-LOGGER                            : Thread[#135,m-Y-12-epoll-2,5,main]: FLATMAP_END: klient: 12
2024-11-30T00:58:07.375+01:00 ERROR 65326 --- [   arg--epoll-8] NALEPA-LOGGER                            : Thread[#42,arg--epoll-8,5,main]: FLATMAP_START: klient: 2
2024-11-30T00:58:07.375+01:00 ERROR 65326 --- [   arg--epoll-8] NALEPA-LOGGER                            : Thread[#42,arg--epoll-8,5,main]: FLATMAP_START: klient: 3
2024-11-30T00:58:07.375+01:00 ERROR 65326 --- [ m-Y-11-epoll-2] NALEPA-LOGGER                            : Thread[#127,m-Y-11-epoll-2,5,main]: FLATMAP_END: klient: 11
2024-11-30T00:58:07.375+01:00 ERROR 65326 --- [   arg--epoll-8] NALEPA-LOGGER                            : Thread[#42,arg--epoll-8,5,main]: FLATMAP_START: klient: 4
2024-11-30T00:58:07.376+01:00 ERROR 65326 --- [   arg--epoll-8] NALEPA-LOGGER                            : Thread[#42,arg--epoll-8,5,main]: FLATMAP_START: klient: 5
2024-11-30T00:58:07.376+01:00 ERROR 65326 --- [  m-Y-1-epoll-8] NALEPA-LOGGER                            : Thread[#53,m-Y-1-epoll-8,5,main]: FLATMAP_END: klient: 1
2024-11-30T00:58:07.376+01:00 ERROR 65326 --- [ m-Y-18-epoll-3] NALEPA-LOGGER                            : Thread[#184,m-Y-18-epoll-3,5,main]: FLATMAP_END: klient: 18
2024-11-30T00:58:07.376+01:00 ERROR 65326 --- [   arg--epoll-8] NALEPA-LOGGER                            : Thread[#42,arg--epoll-8,5,main]: FLATMAP_START: klient: 6
2024-11-30T00:58:07.377+01:00 ERROR 65326 --- [   arg--epoll-8] NALEPA-LOGGER                            : Thread[#42,arg--epoll-8,5,main]: FLATMAP_START: klient: 7
2024-11-30T00:58:07.342+01:00 ERROR 65326 --- [   arg--epoll-7] NALEPA-LOGGER                            : Thread[#41,arg--epoll-7,5,main]: FLATMAP_START: klient: 2
2024-11-30T00:58:07.377+01:00 ERROR 65326 --- [   arg--epoll-8] NALEPA-LOGGER                            : Thread[#42,arg--epoll-8,5,main]: FLATMAP_START: klient: 8
2024-11-30T00:58:07.377+01:00 ERROR 65326 --- [   arg--epoll-7] NALEPA-LOGGER                            : Thread[#41,arg--epoll-7,5,main]: FLATMAP_START: klient: 3
2024-11-30T00:58:07.377+01:00 ERROR 65326 --- [  m-Y-9-epoll-2] NALEPA-LOGGER                            : Thread[#111,m-Y-9-epoll-2,5,main]: FLATMAP_END: klient: 9
2024-11-30T00:58:07.378+01:00 ERROR 65326 --- [   arg--epoll-7] NALEPA-LOGGER                            : Thread[#41,arg--epoll-7,5,main]: FLATMAP_START: klient: 4
2024-11-30T00:58:07.378+01:00 ERROR 65326 --- [   arg--epoll-7] NALEPA-LOGGER                            : Thread[#41,arg--epoll-7,5,main]: FLATMAP_START: klient: 5
2024-11-30T00:58:07.342+01:00 ERROR 65326 --- [ m-Y-16-epoll-2] NALEPA-LOGGER                            : Thread[#167,m-Y-16-epoll-2,5,main]: FLATMAP_END: klient: 16
2024-11-30T00:58:07.378+01:00 ERROR 65326 --- [   arg--epoll-7] NALEPA-LOGGER                            : Thread[#41,arg--epoll-7,5,main]: FLATMAP_START: klient: 6
2024-11-30T00:58:07.343+01:00 ERROR 65326 --- [ m-Y-14-epoll-4] NALEPA-LOGGER                            : Thread[#153,m-Y-14-epoll-4,5,main]: FLATMAP_END: klient: 14
2024-11-30T00:58:07.344+01:00 ERROR 65326 --- [  m-Y-2-epoll-5] NALEPA-LOGGER                            : Thread[#58,m-Y-2-epoll-5,5,main]: FLATMAP_END: klient: 2
2024-11-30T00:58:07.377+01:00 ERROR 65326 --- [   arg--epoll-8] NALEPA-LOGGER                            : Thread[#42,arg--epoll-8,5,main]: FLATMAP_START: klient: 9
2024-11-30T00:58:07.346+01:00 ERROR 65326 --- [  m-Y-4-epoll-3] NALEPA-LOGGER                            : Thread[#72,m-Y-4-epoll-3,5,main]: FLATMAP_END: klient: 4
2024-11-30T00:58:07.346+01:00 ERROR 65326 --- [   arg--epoll-4] NALEPA-LOGGER                            : Thread[#38,arg--epoll-4,5,main]: FLATMAP_START: klient: 5
2024-11-30T00:58:07.346+01:00 ERROR 65326 --- [ m-Y-18-epoll-5] NALEPA-LOGGER                            : Thread[#186,m-Y-18-epoll-5,5,main]: FLATMAP_END: klient: 18
2024-11-30T00:58:07.379+01:00 ERROR 65326 --- [   arg--epoll-8] NALEPA-LOGGER                            : Thread[#42,arg--epoll-8,5,main]: FLATMAP_START: klient: 10
2024-11-30T00:58:07.346+01:00 ERROR 65326 --- [ m-Y-17-epoll-2] NALEPA-LOGGER                            : Thread[#175,m-Y-17-epoll-2,5,main]: FLATMAP_END: klient: 17
2024-11-30T00:58:07.379+01:00 ERROR 65326 --- [   arg--epoll-8] NALEPA-LOGGER                            : Thread[#42,arg--epoll-8,5,main]: FLATMAP_START: klient: 11
2024-11-30T00:58:07.380+01:00 ERROR 65326 --- [   arg--epoll-8] NALEPA-LOGGER                            : Thread[#42,arg--epoll-8,5,main]: FLATMAP_START: klient: 12
2024-11-30T00:58:07.380+01:00 ERROR 65326 --- [   arg--epoll-8] NALEPA-LOGGER                            : Thread[#42,arg--epoll-8,5,main]: FLATMAP_START: klient: 13
2024-11-30T00:58:07.348+01:00 ERROR 65326 --- [  m-Y-3-epoll-5] NALEPA-LOGGER                            : Thread[#66,m-Y-3-epoll-5,5,main]: FLATMAP_END: klient: 3
2024-11-30T00:58:07.351+01:00 ERROR 65326 --- [   arg--epoll-6] NALEPA-LOGGER                            : Thread[#40,arg--epoll-6,5,main]: FLATMAP_START: klient: 20
2024-11-30T00:58:07.381+01:00 ERROR 65326 --- [   arg--epoll-8] NALEPA-LOGGER                            : Thread[#42,arg--epoll-8,5,main]: FLATMAP_START: klient: 14
2024-11-30T00:58:07.354+01:00 ERROR 65326 --- [   arg--epoll-1] NALEPA-LOGGER                            : Thread[#35,arg--epoll-1,5,main]: FLATMAP_START: klient: 1
2024-11-30T00:58:07.359+01:00 ERROR 65326 --- [  m-Y-5-epoll-4] NALEPA-LOGGER                            : Thread[#81,m-Y-5-epoll-4,5,main]: FLATMAP_END: klient: 5
2024-11-30T00:58:07.381+01:00 ERROR 65326 --- [   arg--epoll-8] NALEPA-LOGGER                            : Thread[#42,arg--epoll-8,5,main]: FLATMAP_START: klient: 15
2024-11-30T00:58:07.359+01:00 ERROR 65326 --- [ m-Y-13-epoll-1] NALEPA-LOGGER                            : Thread[#142,m-Y-13-epoll-1,5,main]: FLATMAP_END: klient: 13
2024-11-30T00:58:07.366+01:00 ERROR 65326 --- [ m-Y-19-epoll-5] NALEPA-LOGGER                            : Thread[#194,m-Y-19-epoll-5,5,main]: FLATMAP_END: klient: 19
2024-11-30T00:58:07.366+01:00 ERROR 65326 --- [  m-Y-9-epoll-3] NALEPA-LOGGER                            : Thread[#112,m-Y-9-epoll-3,5,main]: FLATMAP_END: klient: 9
2024-11-30T00:58:07.381+01:00 ERROR 65326 --- [   arg--epoll-8] NALEPA-LOGGER                            : Thread[#42,arg--epoll-8,5,main]: FLATMAP_START: klient: 16
2024-11-30T00:58:07.366+01:00 ERROR 65326 --- [  m-Y-1-epoll-2] NALEPA-LOGGER                            : Thread[#47,m-Y-1-epoll-2,5,main]: FLATMAP_END: klient: 1
2024-11-30T00:58:07.368+01:00 ERROR 65326 --- [ m-Y-19-epoll-3] NALEPA-LOGGER                            : Thread[#192,m-Y-19-epoll-3,5,main] FINISH-MONO. Took: 111, ObjectId: IDK# 107, StartTime: 1732924687256, Time: 112
2024-11-30T00:58:07.382+01:00 ERROR 65326 --- [   arg--epoll-8] NALEPA-LOGGER                            : Thread[#42,arg--epoll-8,5,main]: FLATMAP_START: klient: 17
2024-11-30T00:58:07.382+01:00 ERROR 65326 --- [   arg--epoll-8] NALEPA-LOGGER                            : Thread[#42,arg--epoll-8,5,main]: FLATMAP_START: klient: 18
2024-11-30T00:58:07.382+01:00 ERROR 65326 --- [ m-Y-10-epoll-1] NALEPA-LOGGER                            : Thread[#118,m-Y-10-epoll-1,5,main]: FLATMAP_END: klient: 10
2024-11-30T00:58:07.382+01:00 ERROR 65326 --- [   arg--epoll-8] NALEPA-LOGGER                            : Thread[#42,arg--epoll-8,5,main]: FLATMAP_START: klient: 19
2024-11-30T00:58:07.383+01:00 ERROR 65326 --- [   arg--epoll-8] NALEPA-LOGGER                            : Thread[#42,arg--epoll-8,5,main]: FLATMAP_START: klient: 20
2024-11-30T00:58:07.383+01:00 ERROR 65326 --- [  m-Y-3-epoll-8] NALEPA-LOGGER                            : Thread[#69,m-Y-3-epoll-8,5,main]: FLATMAP_END: klient: 3
2024-11-30T00:58:07.384+01:00 ERROR 65326 --- [ m-Y-16-epoll-8] NALEPA-LOGGER                            : Thread[#173,m-Y-16-epoll-8,5,main]: FLATMAP_END: klient: 16
2024-11-30T00:58:07.384+01:00 ERROR 65326 --- [ m-Y-17-epoll-7] NALEPA-LOGGER                            : Thread[#180,m-Y-17-epoll-7,5,main]: FLATMAP_END: klient: 17
2024-11-30T00:58:07.383+01:00 ERROR 65326 --- [ m-Y-20-epoll-2] NALEPA-LOGGER                            : Thread[#199,m-Y-20-epoll-2,5,main]: FLATMAP_END: klient: 20
2024-11-30T00:58:07.386+01:00 ERROR 65326 --- [  m-Y-1-epoll-1] NALEPA-LOGGER                            : Thread[#46,m-Y-1-epoll-1,5,main]: FLATMAP_END: klient: 1
2024-11-30T00:58:07.386+01:00 ERROR 65326 --- [ m-Y-13-epoll-6] NALEPA-LOGGER                            : Thread[#147,m-Y-13-epoll-6,5,main]: FLATMAP_END: klient: 13
2024-11-30T00:58:07.386+01:00 ERROR 65326 --- [ m-Y-15-epoll-8] NALEPA-LOGGER                            : Thread[#165,m-Y-15-epoll-8,5,main]: FLATMAP_END: klient: 15
2024-11-30T00:58:07.387+01:00 ERROR 65326 --- [  m-Y-8-epoll-2] NALEPA-LOGGER                            : Thread[#103,m-Y-8-epoll-2,5,main]: FLATMAP_END: klient: 8
2024-11-30T00:58:07.387+01:00 ERROR 65326 --- [ m-Y-14-epoll-2] NALEPA-LOGGER                            : Thread[#151,m-Y-14-epoll-2,5,main]: FLATMAP_END: klient: 14
2024-11-30T00:58:07.387+01:00 ERROR 65326 --- [ m-Y-18-epoll-4] NALEPA-LOGGER                            : Thread[#185,m-Y-18-epoll-4,5,main]: FLATMAP_END: klient: 18
2024-11-30T00:58:07.388+01:00 ERROR 65326 --- [  m-Y-1-epoll-4] NALEPA-LOGGER                            : Thread[#49,m-Y-1-epoll-4,5,main]: FLATMAP_END: klient: 1
2024-11-30T00:58:07.388+01:00 ERROR 65326 --- [   arg--epoll-6] NALEPA-LOGGER                            : Thread[#40,arg--epoll-6,5,main] START-MONO. ObjectId: IDK# 118, Time: 1732924687388
2024-11-30T00:58:07.371+01:00 ERROR 65326 --- [   arg--epoll-5] NALEPA-LOGGER                            : Thread[#39,arg--epoll-5,5,main]: FLATMAP_START: klient: 6
2024-11-30T00:58:07.371+01:00 ERROR 65326 --- [ m-Y-18-epoll-1] NALEPA-LOGGER                            : Thread[#182,m-Y-18-epoll-1,5,main]: FLATMAP_END: klient: 18
2024-11-30T00:58:07.388+01:00 ERROR 65326 --- [   arg--epoll-6] NALEPA-LOGGER                            : Thread[#40,arg--epoll-6,5,main]: FLATMAP_START: klient: 1
2024-11-30T00:58:07.372+01:00 ERROR 65326 --- [   arg--epoll-3] NALEPA-LOGGER                            : Thread[#37,arg--epoll-3,5,main]: FLATMAP_START: klient: 16
2024-11-30T00:58:07.388+01:00 ERROR 65326 --- [ m-Y-18-epoll-6] NALEPA-LOGGER                            : Thread[#187,m-Y-18-epoll-6,5,main]: FLATMAP_END: klient: 18
2024-11-30T00:58:07.388+01:00 ERROR 65326 --- [   arg--epoll-6] NALEPA-LOGGER                            : Thread[#40,arg--epoll-6,5,main]: FLATMAP_START: klient: 2
2024-11-30T00:58:07.372+01:00 ERROR 65326 --- [  m-Y-6-epoll-4] NALEPA-LOGGER                            : Thread[#89,m-Y-6-epoll-4,5,main]: FLATMAP_END: klient: 6
2024-11-30T00:58:07.389+01:00 ERROR 65326 --- [   arg--epoll-6] NALEPA-LOGGER                            : Thread[#40,arg--epoll-6,5,main]: FLATMAP_START: klient: 3
2024-11-30T00:58:07.389+01:00 ERROR 65326 --- [  m-Y-2-epoll-6] NALEPA-LOGGER                            : Thread[#59,m-Y-2-epoll-6,5,main]: FLATMAP_END: klient: 2
2024-11-30T00:58:07.372+01:00 ERROR 65326 --- [   arg--epoll-2] NALEPA-LOGGER                            : Thread[#36,arg--epoll-2,5,main]: FLATMAP_START: klient: 4
2024-11-30T00:58:07.390+01:00 ERROR 65326 --- [   arg--epoll-2] NALEPA-LOGGER                            : Thread[#36,arg--epoll-2,5,main]: FLATMAP_START: klient: 5
2024-11-30T00:58:07.390+01:00 ERROR 65326 --- [  m-Y-7-epoll-7] NALEPA-LOGGER                            : Thread[#100,m-Y-7-epoll-7,5,main]: FLATMAP_END: klient: 7
2024-11-30T00:58:07.390+01:00 ERROR 65326 --- [   arg--epoll-2] NALEPA-LOGGER                            : Thread[#36,arg--epoll-2,5,main]: FLATMAP_START: klient: 6
2024-11-30T00:58:07.390+01:00 ERROR 65326 --- [   arg--epoll-2] NALEPA-LOGGER                            : Thread[#36,arg--epoll-2,5,main]: FLATMAP_START: klient: 7
2024-11-30T00:58:07.391+01:00 ERROR 65326 --- [  m-Y-2-epoll-2] NALEPA-LOGGER                            : Thread[#55,m-Y-2-epoll-2,5,main]: FLATMAP_END: klient: 2
2024-11-30T00:58:07.391+01:00 ERROR 65326 --- [  m-Y-5-epoll-1] NALEPA-LOGGER                            : Thread[#78,m-Y-5-epoll-1,5,main]: FLATMAP_END: klient: 5
2024-11-30T00:58:07.372+01:00 ERROR 65326 --- [  m-Y-2-epoll-4] NALEPA-LOGGER                            : Thread[#57,m-Y-2-epoll-4,5,main]: FLATMAP_END: klient: 2
2024-11-30T00:58:07.391+01:00 ERROR 65326 --- [  m-Y-3-epoll-7] NALEPA-LOGGER                            : Thread[#68,m-Y-3-epoll-7,5,main]: FLATMAP_END: klient: 3
2024-11-30T00:58:07.374+01:00 ERROR 65326 --- [ m-Y-19-epoll-7] NALEPA-LOGGER                            : Thread[#196,m-Y-19-epoll-7,5,main]: FLATMAP_END: klient: 19
2024-11-30T00:58:07.377+01:00 ERROR 65326 --- [  m-Y-7-epoll-8] NALEPA-LOGGER                            : Thread[#101,m-Y-7-epoll-8,5,main]: FLATMAP_END: klient: 7
2024-11-30T00:58:07.392+01:00 ERROR 65326 --- [ m-Y-19-epoll-7] NALEPA-LOGGER                            : Thread[#196,m-Y-19-epoll-7,5,main] FINISH-MONO. Took: 141, ObjectId: IDK# 101, StartTime: 1732924687250, Time: 142
2024-11-30T00:58:07.392+01:00 ERROR 65326 --- [ m-Y-19-epoll-4] NALEPA-LOGGER                            : Thread[#193,m-Y-19-epoll-4,5,main]: FLATMAP_END: klient: 19
2024-11-30T00:58:07.392+01:00 ERROR 65326 --- [ m-Y-19-epoll-4] NALEPA-LOGGER                            : Thread[#193,m-Y-19-epoll-4,5,main] FINISH-MONO. Took: 136, ObjectId: IDK# 108, StartTime: 1732924687256, Time: 136
2024-11-30T00:58:07.392+01:00 ERROR 65326 --- [   arg--epoll-2] NALEPA-LOGGER                            : Thread[#36,arg--epoll-2,5,main]: FLATMAP_START: klient: 8
2024-11-30T00:58:07.392+01:00 ERROR 65326 --- [ m-Y-11-epoll-5] NALEPA-LOGGER                            : Thread[#130,m-Y-11-epoll-5,5,main]: FLATMAP_END: klient: 11
2024-11-30T00:58:07.393+01:00 ERROR 65326 --- [ m-Y-19-epoll-1] NALEPA-LOGGER                            : Thread[#190,m-Y-19-epoll-1,5,main]: FLATMAP_END: klient: 19
2024-11-30T00:58:07.394+01:00 ERROR 65326 --- [ m-Y-13-epoll-2] NALEPA-LOGGER                            : Thread[#143,m-Y-13-epoll-2,5,main]: FLATMAP_END: klient: 13
2024-11-30T00:58:07.395+01:00 ERROR 65326 --- [ m-Y-16-epoll-6] NALEPA-LOGGER                            : Thread[#171,m-Y-16-epoll-6,5,main]: FLATMAP_END: klient: 16
2024-11-30T00:58:07.379+01:00 ERROR 65326 --- [   arg--epoll-7] NALEPA-LOGGER                            : Thread[#41,arg--epoll-7,5,main]: FLATMAP_START: klient: 7
2024-11-30T00:58:07.395+01:00 ERROR 65326 --- [ m-Y-19-epoll-6] NALEPA-LOGGER                            : Thread[#195,m-Y-19-epoll-6,5,main]: FLATMAP_END: klient: 19
2024-11-30T00:58:07.379+01:00 ERROR 65326 --- [   arg--epoll-4] NALEPA-LOGGER                            : Thread[#38,arg--epoll-4,5,main]: FLATMAP_START: klient: 6
2024-11-30T00:58:07.395+01:00 ERROR 65326 --- [   arg--epoll-7] NALEPA-LOGGER                            : Thread[#41,arg--epoll-7,5,main]: FLATMAP_START: klient: 8
2024-11-30T00:58:07.395+01:00 ERROR 65326 --- [   arg--epoll-6] NALEPA-LOGGER                            : Thread[#40,arg--epoll-6,5,main]: FLATMAP_START: klient: 4
2024-11-30T00:58:07.396+01:00 ERROR 65326 --- [   arg--epoll-4] NALEPA-LOGGER                            : Thread[#38,arg--epoll-4,5,main]: FLATMAP_START: klient: 7
2024-11-30T00:58:07.396+01:00 ERROR 65326 --- [   arg--epoll-7] NALEPA-LOGGER                            : Thread[#41,arg--epoll-7,5,main]: FLATMAP_START: klient: 9
2024-11-30T00:58:07.396+01:00 ERROR 65326 --- [   arg--epoll-6] NALEPA-LOGGER                            : Thread[#40,arg--epoll-6,5,main]: FLATMAP_START: klient: 5
2024-11-30T00:58:07.396+01:00 ERROR 65326 --- [ m-Y-18-epoll-2] NALEPA-LOGGER                            : Thread[#183,m-Y-18-epoll-2,5,main]: FLATMAP_END: klient: 18
2024-11-30T00:58:07.396+01:00 ERROR 65326 --- [   arg--epoll-6] NALEPA-LOGGER                            : Thread[#40,arg--epoll-6,5,main]: FLATMAP_START: klient: 6
2024-11-30T00:58:07.383+01:00 ERROR 65326 --- [   arg--epoll-1] NALEPA-LOGGER                            : Thread[#35,arg--epoll-1,5,main]: FLATMAP_START: klient: 2
2024-11-30T00:58:07.396+01:00 ERROR 65326 --- [   arg--epoll-6] NALEPA-LOGGER                            : Thread[#40,arg--epoll-6,5,main]: FLATMAP_START: klient: 7
2024-11-30T00:58:07.396+01:00 ERROR 65326 --- [   arg--epoll-1] NALEPA-LOGGER                            : Thread[#35,arg--epoll-1,5,main]: FLATMAP_START: klient: 3
2024-11-30T00:58:07.397+01:00 ERROR 65326 --- [ m-Y-10-epoll-7] NALEPA-LOGGER                            : Thread[#124,m-Y-10-epoll-7,5,main]: FLATMAP_END: klient: 10
2024-11-30T00:58:07.397+01:00 ERROR 65326 --- [   arg--epoll-6] NALEPA-LOGGER                            : Thread[#40,arg--epoll-6,5,main]: FLATMAP_START: klient: 8
2024-11-30T00:58:07.397+01:00 ERROR 65326 --- [   arg--epoll-1] NALEPA-LOGGER                            : Thread[#35,arg--epoll-1,5,main]: FLATMAP_START: klient: 4
2024-11-30T00:58:07.397+01:00 ERROR 65326 --- [  m-Y-3-epoll-3] NALEPA-LOGGER                            : Thread[#64,m-Y-3-epoll-3,5,main]: FLATMAP_END: klient: 3
2024-11-30T00:58:07.397+01:00 ERROR 65326 --- [   arg--epoll-6] NALEPA-LOGGER                            : Thread[#40,arg--epoll-6,5,main]: FLATMAP_START: klient: 9
2024-11-30T00:58:07.397+01:00 ERROR 65326 --- [   arg--epoll-6] NALEPA-LOGGER                            : Thread[#40,arg--epoll-6,5,main]: FLATMAP_START: klient: 10
2024-11-30T00:58:07.397+01:00 ERROR 65326 --- [  m-Y-6-epoll-1] NALEPA-LOGGER                            : Thread[#86,m-Y-6-epoll-1,5,main]: FLATMAP_END: klient: 6
2024-11-30T00:58:07.398+01:00 ERROR 65326 --- [   arg--epoll-6] NALEPA-LOGGER                            : Thread[#40,arg--epoll-6,5,main]: FLATMAP_START: klient: 11
2024-11-30T00:58:07.399+01:00 ERROR 65326 --- [ m-Y-20-epoll-4] NALEPA-LOGGER                            : Thread[#201,m-Y-20-epoll-4,5,main]: FLATMAP_END: klient: 20
2024-11-30T00:58:07.399+01:00 ERROR 65326 --- [   arg--epoll-2] NALEPA-LOGGER                            : Thread[#36,arg--epoll-2,5,main]: FLATMAP_START: klient: 9
2024-11-30T00:58:07.399+01:00 ERROR 65326 --- [ m-Y-20-epoll-5] NALEPA-LOGGER                            : Thread[#202,m-Y-20-epoll-5,5,main]: FLATMAP_END: klient: 20
2024-11-30T00:58:07.399+01:00 ERROR 65326 --- [ m-Y-20-epoll-5] NALEPA-LOGGER                            : Thread[#202,m-Y-20-epoll-5,5,main] FINISH-MONO. Took: 147, ObjectId: IDK# 103, StartTime: 1732924687252, Time: 147
2024-11-30T00:58:07.384+01:00 ERROR 65326 --- [ m-Y-12-epoll-3] NALEPA-LOGGER                            : Thread[#136,m-Y-12-epoll-3,5,main]: FLATMAP_END: klient: 12
2024-11-30T00:58:07.400+01:00 ERROR 65326 --- [   arg--epoll-2] NALEPA-LOGGER                            : Thread[#36,arg--epoll-2,5,main]: FLATMAP_START: klient: 10
2024-11-30T00:58:07.400+01:00 ERROR 65326 --- [   arg--epoll-2] NALEPA-LOGGER                            : Thread[#36,arg--epoll-2,5,main]: FLATMAP_START: klient: 11
2024-11-30T00:58:07.400+01:00 ERROR 65326 --- [  m-Y-8-epoll-1] NALEPA-LOGGER                            : Thread[#102,m-Y-8-epoll-1,5,main]: FLATMAP_END: klient: 8
2024-11-30T00:58:07.401+01:00 ERROR 65326 --- [   arg--epoll-6] NALEPA-LOGGER                            : Thread[#40,arg--epoll-6,5,main]: FLATMAP_START: klient: 12
2024-11-30T00:58:07.402+01:00 ERROR 65326 --- [   arg--epoll-6] NALEPA-LOGGER                            : Thread[#40,arg--epoll-6,5,main]: FLATMAP_START: klient: 13
2024-11-30T00:58:07.402+01:00 ERROR 65326 --- [   arg--epoll-6] NALEPA-LOGGER                            : Thread[#40,arg--epoll-6,5,main]: FLATMAP_START: klient: 14
2024-11-30T00:58:07.402+01:00 ERROR 65326 --- [   arg--epoll-6] NALEPA-LOGGER                            : Thread[#40,arg--epoll-6,5,main]: FLATMAP_START: klient: 15
2024-11-30T00:58:07.403+01:00 ERROR 65326 --- [  m-Y-4-epoll-2] NALEPA-LOGGER                            : Thread[#71,m-Y-4-epoll-2,5,main]: FLATMAP_END: klient: 4
2024-11-30T00:58:07.403+01:00 ERROR 65326 --- [   arg--epoll-6] NALEPA-LOGGER                            : Thread[#40,arg--epoll-6,5,main]: FLATMAP_START: klient: 16
2024-11-30T00:58:07.403+01:00 ERROR 65326 --- [ m-Y-15-epoll-6] NALEPA-LOGGER                            : Thread[#163,m-Y-15-epoll-6,5,main]: FLATMAP_END: klient: 15
2024-11-30T00:58:07.385+01:00 ERROR 65326 --- [ m-Y-20-epoll-8] NALEPA-LOGGER                            : Thread[#205,m-Y-20-epoll-8,5,main]: FLATMAP_END: klient: 20
2024-11-30T00:58:07.403+01:00 ERROR 65326 --- [   arg--epoll-6] NALEPA-LOGGER                            : Thread[#40,arg--epoll-6,5,main]: FLATMAP_START: klient: 17
2024-11-30T00:58:07.404+01:00 ERROR 65326 --- [   arg--epoll-6] NALEPA-LOGGER                            : Thread[#40,arg--epoll-6,5,main]: FLATMAP_START: klient: 18
2024-11-30T00:58:07.386+01:00 ERROR 65326 --- [ m-Y-19-epoll-8] NALEPA-LOGGER                            : Thread[#197,m-Y-19-epoll-8,5,main]: FLATMAP_END: klient: 19
2024-11-30T00:58:07.404+01:00 ERROR 65326 --- [ m-Y-19-epoll-8] NALEPA-LOGGER                            : Thread[#197,m-Y-19-epoll-8,5,main] FINISH-MONO. Took: 101, ObjectId: IDK# 110, StartTime: 1732924687302, Time: 102
2024-11-30T00:58:07.404+01:00 ERROR 65326 --- [   arg--epoll-6] NALEPA-LOGGER                            : Thread[#40,arg--epoll-6,5,main]: FLATMAP_START: klient: 19
2024-11-30T00:58:07.404+01:00 ERROR 65326 --- [ m-Y-19-epoll-2] NALEPA-LOGGER                            : Thread[#191,m-Y-19-epoll-2,5,main]: FLATMAP_END: klient: 19
2024-11-30T00:58:07.404+01:00 ERROR 65326 --- [   arg--epoll-2] NALEPA-LOGGER                            : Thread[#36,arg--epoll-2,5,main]: FLATMAP_START: klient: 12
2024-11-30T00:58:07.405+01:00 ERROR 65326 --- [   arg--epoll-2] NALEPA-LOGGER                            : Thread[#36,arg--epoll-2,5,main]: FLATMAP_START: klient: 13
2024-11-30T00:58:07.388+01:00 ERROR 65326 --- [  m-Y-4-epoll-4] NALEPA-LOGGER                            : Thread[#73,m-Y-4-epoll-4,5,main]: FLATMAP_END: klient: 4
2024-11-30T00:58:07.388+01:00 ERROR 65326 --- [   arg--epoll-3] NALEPA-LOGGER                            : Thread[#37,arg--epoll-3,5,main]: FLATMAP_START: klient: 17
2024-11-30T00:58:07.406+01:00 ERROR 65326 --- [   arg--epoll-3] NALEPA-LOGGER                            : Thread[#37,arg--epoll-3,5,main]: FLATMAP_START: klient: 18
2024-11-30T00:58:07.388+01:00 ERROR 65326 --- [   arg--epoll-5] NALEPA-LOGGER                            : Thread[#39,arg--epoll-5,5,main]: FLATMAP_START: klient: 7
2024-11-30T00:58:07.394+01:00 ERROR 65326 --- [ m-Y-15-epoll-5] NALEPA-LOGGER                            : Thread[#162,m-Y-15-epoll-5,5,main]: FLATMAP_END: klient: 15
2024-11-30T00:58:07.394+01:00 ERROR 65326 --- [ m-Y-17-epoll-6] NALEPA-LOGGER                            : Thread[#179,m-Y-17-epoll-6,5,main]: FLATMAP_END: klient: 17
2024-11-30T00:58:07.409+01:00 ERROR 65326 --- [  m-Y-6-epoll-2] NALEPA-LOGGER                            : Thread[#87,m-Y-6-epoll-2,5,main]: FLATMAP_END: klient: 6
2024-11-30T00:58:07.409+01:00 ERROR 65326 --- [   arg--epoll-3] NALEPA-LOGGER                            : Thread[#37,arg--epoll-3,5,main]: FLATMAP_START: klient: 19
2024-11-30T00:58:07.395+01:00 ERROR 65326 --- [ m-Y-20-epoll-3] NALEPA-LOGGER                            : Thread[#200,m-Y-20-epoll-3,5,main]: FLATMAP_END: klient: 20
2024-11-30T00:58:07.410+01:00 ERROR 65326 --- [ m-Y-20-epoll-3] NALEPA-LOGGER                            : Thread[#200,m-Y-20-epoll-3,5,main] FINISH-MONO. Took: 155, ObjectId: IDK# 102, StartTime: 1732924687254, Time: 156
2024-11-30T00:58:07.411+01:00 ERROR 65326 --- [  m-Y-5-epoll-6] NALEPA-LOGGER                            : Thread[#83,m-Y-5-epoll-6,5,main]: FLATMAP_END: klient: 5
2024-11-30T00:58:07.410+01:00 ERROR 65326 --- [ m-Y-11-epoll-1] NALEPA-LOGGER                            : Thread[#126,m-Y-11-epoll-1,5,main]: FLATMAP_END: klient: 11
2024-11-30T00:58:07.396+01:00 ERROR 65326 --- [   arg--epoll-7] NALEPA-LOGGER                            : Thread[#41,arg--epoll-7,5,main]: FLATMAP_START: klient: 10
2024-11-30T00:58:07.412+01:00 ERROR 65326 --- [  m-Y-4-epoll-1] NALEPA-LOGGER                            : Thread[#70,m-Y-4-epoll-1,5,main]: FLATMAP_END: klient: 4
2024-11-30T00:58:07.413+01:00 ERROR 65326 --- [ m-Y-10-epoll-5] NALEPA-LOGGER                            : Thread[#122,m-Y-10-epoll-5,5,main]: FLATMAP_END: klient: 10
2024-11-30T00:58:07.414+01:00 ERROR 65326 --- [  m-Y-2-epoll-1] NALEPA-LOGGER                            : Thread[#54,m-Y-2-epoll-1,5,main]: FLATMAP_END: klient: 2
2024-11-30T00:58:07.416+01:00 ERROR 65326 --- [ m-Y-18-epoll-8] NALEPA-LOGGER                            : Thread[#189,m-Y-18-epoll-8,5,main]: FLATMAP_END: klient: 18
2024-11-30T00:58:07.416+01:00 ERROR 65326 --- [  m-Y-4-epoll-6] NALEPA-LOGGER                            : Thread[#75,m-Y-4-epoll-6,5,main]: FLATMAP_END: klient: 4
2024-11-30T00:58:07.416+01:00 ERROR 65326 --- [ m-Y-17-epoll-5] NALEPA-LOGGER                            : Thread[#178,m-Y-17-epoll-5,5,main]: FLATMAP_END: klient: 17
2024-11-30T00:58:07.416+01:00 ERROR 65326 --- [ m-Y-16-epoll-1] NALEPA-LOGGER                            : Thread[#166,m-Y-16-epoll-1,5,main]: FLATMAP_END: klient: 16
2024-11-30T00:58:07.416+01:00 ERROR 65326 --- [  m-Y-5-epoll-8] NALEPA-LOGGER                            : Thread[#85,m-Y-5-epoll-8,5,main]: FLATMAP_END: klient: 5
2024-11-30T00:58:07.396+01:00 ERROR 65326 --- [   arg--epoll-4] NALEPA-LOGGER                            : Thread[#38,arg--epoll-4,5,main]: FLATMAP_START: klient: 8
2024-11-30T00:58:07.397+01:00 ERROR 65326 --- [  m-Y-9-epoll-6] NALEPA-LOGGER                            : Thread[#115,m-Y-9-epoll-6,5,main]: FLATMAP_END: klient: 9
2024-11-30T00:58:07.417+01:00 ERROR 65326 --- [ m-Y-13-epoll-7] NALEPA-LOGGER                            : Thread[#148,m-Y-13-epoll-7,5,main]: FLATMAP_END: klient: 13
2024-11-30T00:58:07.417+01:00 ERROR 65326 --- [  m-Y-9-epoll-5] NALEPA-LOGGER                            : Thread[#114,m-Y-9-epoll-5,5,main]: FLATMAP_END: klient: 9
2024-11-30T00:58:07.417+01:00 ERROR 65326 --- [  m-Y-2-epoll-7] NALEPA-LOGGER                            : Thread[#60,m-Y-2-epoll-7,5,main]: FLATMAP_END: klient: 2
2024-11-30T00:58:07.397+01:00 ERROR 65326 --- [   arg--epoll-1] NALEPA-LOGGER                            : Thread[#35,arg--epoll-1,5,main]: FLATMAP_START: klient: 5
2024-11-30T00:58:07.417+01:00 ERROR 65326 --- [   arg--epoll-4] NALEPA-LOGGER                            : Thread[#38,arg--epoll-4,5,main]: FLATMAP_START: klient: 9
2024-11-30T00:58:07.417+01:00 ERROR 65326 --- [   arg--epoll-1] NALEPA-LOGGER                            : Thread[#35,arg--epoll-1,5,main]: FLATMAP_START: klient: 6
2024-11-30T00:58:07.418+01:00 ERROR 65326 --- [   arg--epoll-1] NALEPA-LOGGER                            : Thread[#35,arg--epoll-1,5,main]: FLATMAP_START: klient: 7
2024-11-30T00:58:07.418+01:00 ERROR 65326 --- [   arg--epoll-4] NALEPA-LOGGER                            : Thread[#38,arg--epoll-4,5,main]: FLATMAP_START: klient: 10
2024-11-30T00:58:07.418+01:00 ERROR 65326 --- [   arg--epoll-4] NALEPA-LOGGER                            : Thread[#38,arg--epoll-4,5,main]: FLATMAP_START: klient: 11
2024-11-30T00:58:07.418+01:00 ERROR 65326 --- [   arg--epoll-4] NALEPA-LOGGER                            : Thread[#38,arg--epoll-4,5,main]: FLATMAP_START: klient: 12
2024-11-30T00:58:07.419+01:00 ERROR 65326 --- [   arg--epoll-4] NALEPA-LOGGER                            : Thread[#38,arg--epoll-4,5,main]: FLATMAP_START: klient: 13
2024-11-30T00:58:07.419+01:00 ERROR 65326 --- [   arg--epoll-4] NALEPA-LOGGER                            : Thread[#38,arg--epoll-4,5,main]: FLATMAP_START: klient: 14
2024-11-30T00:58:07.420+01:00 ERROR 65326 --- [   arg--epoll-1] NALEPA-LOGGER                            : Thread[#35,arg--epoll-1,5,main]: FLATMAP_START: klient: 8
2024-11-30T00:58:07.420+01:00 ERROR 65326 --- [   arg--epoll-4] NALEPA-LOGGER                            : Thread[#38,arg--epoll-4,5,main]: FLATMAP_START: klient: 15
2024-11-30T00:58:07.399+01:00 ERROR 65326 --- [ m-Y-12-epoll-7] NALEPA-LOGGER                            : Thread[#140,m-Y-12-epoll-7,5,main]: FLATMAP_END: klient: 12
2024-11-30T00:58:07.399+01:00 ERROR 65326 --- [ m-Y-17-epoll-1] NALEPA-LOGGER                            : Thread[#174,m-Y-17-epoll-1,5,main]: FLATMAP_END: klient: 17
2024-11-30T00:58:07.421+01:00 ERROR 65326 --- [   arg--epoll-1] NALEPA-LOGGER                            : Thread[#35,arg--epoll-1,5,main]: FLATMAP_START: klient: 9
2024-11-30T00:58:07.399+01:00 ERROR 65326 --- [ m-Y-20-epoll-7] NALEPA-LOGGER                            : Thread[#204,m-Y-20-epoll-7,5,main]: FLATMAP_END: klient: 20
2024-11-30T00:58:07.422+01:00 ERROR 65326 --- [ m-Y-20-epoll-7] NALEPA-LOGGER                            : Thread[#204,m-Y-20-epoll-7,5,main] FINISH-MONO. Took: 167, ObjectId: IDK# 105, StartTime: 1732924687255, Time: 167
2024-11-30T00:58:07.422+01:00 ERROR 65326 --- [  m-Y-2-epoll-3] NALEPA-LOGGER                            : Thread[#56,m-Y-2-epoll-3,5,main]: FLATMAP_END: klient: 2
2024-11-30T00:58:07.422+01:00 ERROR 65326 --- [  m-Y-5-epoll-7] NALEPA-LOGGER                            : Thread[#84,m-Y-5-epoll-7,5,main]: FLATMAP_END: klient: 5
2024-11-30T00:58:07.423+01:00 ERROR 65326 --- [   arg--epoll-4] NALEPA-LOGGER                            : Thread[#38,arg--epoll-4,5,main]: FLATMAP_START: klient: 16
2024-11-30T00:58:07.423+01:00 ERROR 65326 --- [   arg--epoll-4] NALEPA-LOGGER                            : Thread[#38,arg--epoll-4,5,main]: FLATMAP_START: klient: 17
2024-11-30T00:58:07.424+01:00 ERROR 65326 --- [  m-Y-1-epoll-3] NALEPA-LOGGER                            : Thread[#48,m-Y-1-epoll-3,5,main]: FLATMAP_END: klient: 1
2024-11-30T00:58:07.424+01:00 ERROR 65326 --- [   arg--epoll-4] NALEPA-LOGGER                            : Thread[#38,arg--epoll-4,5,main]: FLATMAP_START: klient: 18
2024-11-30T00:58:07.405+01:00 ERROR 65326 --- [   arg--epoll-2] NALEPA-LOGGER                            : Thread[#36,arg--epoll-2,5,main]: FLATMAP_START: klient: 14
2024-11-30T00:58:07.424+01:00 ERROR 65326 --- [   arg--epoll-4] NALEPA-LOGGER                            : Thread[#38,arg--epoll-4,5,main]: FLATMAP_START: klient: 19
2024-11-30T00:58:07.424+01:00 ERROR 65326 --- [   arg--epoll-2] NALEPA-LOGGER                            : Thread[#36,arg--epoll-2,5,main]: FLATMAP_START: klient: 15
2024-11-30T00:58:07.424+01:00 ERROR 65326 --- [   arg--epoll-4] NALEPA-LOGGER                            : Thread[#38,arg--epoll-4,5,main]: FLATMAP_START: klient: 20
2024-11-30T00:58:07.406+01:00 ERROR 65326 --- [   arg--epoll-6] NALEPA-LOGGER                            : Thread[#40,arg--epoll-6,5,main]: FLATMAP_START: klient: 20
2024-11-30T00:58:07.407+01:00 ERROR 65326 --- [  m-Y-7-epoll-2] NALEPA-LOGGER                            : Thread[#95,m-Y-7-epoll-2,5,main]: FLATMAP_END: klient: 7
2024-11-30T00:58:07.408+01:00 ERROR 65326 --- [ m-Y-14-epoll-7] NALEPA-LOGGER                            : Thread[#156,m-Y-14-epoll-7,5,main]: FLATMAP_END: klient: 14
2024-11-30T00:58:07.427+01:00 ERROR 65326 --- [ m-Y-14-epoll-7] NALEPA-LOGGER                            : Thread[#156,m-Y-14-epoll-7,5,main] FINISH-MONO. Took: 53, ObjectId: IDK# 117, StartTime: 1732924687374, Time: 53